题目ID,题目陈述,题目类型,题目分类,难度等级,分值,参数名称,参数描述,数据类型,正确答案,容差值,最小值,最大值,单位,需要飞控读取,验证方法,解释说明,创建人,创建时间,是否启用
00001,将系统ID参数SYSID_THISMAV设置为1,ParameterSetting,BasicParameters,Easy,3,SYSID_THISMAV,MAVLink系统ID,Integer,1,0,1,255,,true,ExactMatch,系统ID用于区分不同的飞行器,AI生成器,2024-12-19 10:00:00,true
00002,验证地面站ID参数SYSID_MYGCS是否设置为255,ParameterVerify,BasicParameters,Easy,3,SYSID_MYGCS,地面站系统ID,Integer,255,0,1,255,,true,ExactMatch,地面站ID用于识别控制站,AI生成器,2024-12-19 10:00:01,true
00003,设置电机最小旋转速度MOT_SPIN_MIN为0.15,ParameterSetting,BasicParameters,Medium,5,MOT_SPIN_MIN,电机最小旋转速度,Float,0.15,0.001,0,0.3,%,true,FloatTolerance,控制电机怠速时的最小转速,AI生成器,2024-12-19 10:00:02,true
00004,验证电机最大旋转速度MOT_SPIN_MAX的值是否为0.95,ParameterVerify,BasicParameters,Medium,4,MOT_SPIN_MAX,电机最大旋转速度,Float,0.95,0.001,0.9,1.0,%,true,FloatTolerance,限制电机的最大转速,AI生成器,2024-12-19 10:00:03,true
00005,将解锁时电机速度MOT_SPIN_ARM设置为0.1,ParameterSetting,BasicParameters,Medium,4,MOT_SPIN_ARM,解锁时电机速度,Float,0.1,0.001,0,0.2,%,true,FloatTolerance,解锁后电机开始旋转的速度,AI生成器,2024-12-19 10:00:04,true
00006,设置悬停油门值MOT_THST_HOVER为0.35,ParameterSetting,BasicParameters,Medium,5,MOT_THST_HOVER,悬停油门值,Float,0.35,0.01,0.2,0.8,%,true,FloatTolerance,维持悬停所需的油门百分比,AI生成器,2024-12-19 10:00:05,true
00007,验证电机推力曲线指数MOT_THST_EXPO是否设置为0.65,ParameterVerify,BasicParameters,Hard,6,MOT_THST_EXPO,电机推力曲线指数,Float,0.65,0.01,0,1.0,,true,FloatTolerance,调整电机推力响应的非线性特性,AI生成器,2024-12-19 10:00:06,true
00008,将横滚速率P增益ATC_RAT_RLL_P设置为0.135,ParameterSetting,PIDTuning,Medium,5,ATC_RAT_RLL_P,横滚速率P增益,Float,0.135,0.001,0,0.5,,true,FloatTolerance,控制横滚轴角速度的比例增益,AI生成器,2024-12-19 10:00:07,true
00009,设置横滚速率I增益ATC_RAT_RLL_I为0.135,ParameterSetting,PIDTuning,Medium,5,ATC_RAT_RLL_I,横滚速率I增益,Float,0.135,0.001,0,0.5,,true,FloatTolerance,消除横滚轴角速度的稳态误差,AI生成器,2024-12-19 10:00:08,true
00010,验证横滚速率D增益ATC_RAT_RLL_D的值是否为0.004,ParameterVerify,PIDTuning,Hard,6,ATC_RAT_RLL_D,横滚速率D增益,Float,0.004,0.0001,0,0.02,,true,FloatTolerance,阻尼横滚轴角速度的震荡,AI生成器,2024-12-19 10:00:09,true
00011,将俯仰速率P增益ATC_RAT_PIT_P设置为0.135,ParameterSetting,PIDTuning,Medium,5,ATC_RAT_PIT_P,俯仰速率P增益,Float,0.135,0.001,0,0.5,,true,FloatTolerance,控制俯仰轴角速度的比例增益,AI生成器,2024-12-19 10:00:10,true
00012,设置俯仰速率I增益ATC_RAT_PIT_I为0.135,ParameterSetting,PIDTuning,Medium,5,ATC_RAT_PIT_I,俯仰速率I增益,Float,0.135,0.001,0,0.5,,true,FloatTolerance,消除俯仰轴角速度的稳态误差,AI生成器,2024-12-19 10:00:11,true
00013,验证俯仰速率D增益ATC_RAT_PIT_D是否为0.004,ParameterVerify,PIDTuning,Hard,6,ATC_RAT_PIT_D,俯仰速率D增益,Float,0.004,0.0001,0,0.02,,true,FloatTolerance,阻尼俯仰轴角速度的震荡,AI生成器,2024-12-19 10:00:12,true
00014,将偏航速率P增益ATC_RAT_YAW_P设置为0.18,ParameterSetting,PIDTuning,Medium,5,ATC_RAT_YAW_P,偏航速率P增益,Float,0.18,0.001,0,0.5,,true,FloatTolerance,控制偏航轴角速度的比例增益,AI生成器,2024-12-19 10:00:13,true
00015,设置偏航速率I增益ATC_RAT_YAW_I为0.02,ParameterSetting,PIDTuning,Medium,5,ATC_RAT_YAW_I,偏航速率I增益,Float,0.02,0.001,0,0.1,,true,FloatTolerance,消除偏航轴角速度的稳态误差,AI生成器,2024-12-19 10:00:14,true
00016,验证偏航速率D增益ATC_RAT_YAW_D的值是否为0,ParameterVerify,PIDTuning,Easy,3,ATC_RAT_YAW_D,偏航速率D增益,Float,0,0.0001,0,0.02,,true,FloatTolerance,通常设为0以避免偏航轴噪音,AI生成器,2024-12-19 10:00:15,true
00017,将飞行模式1设置为0（手动模式）,ParameterSetting,FlightModes,Easy,3,FLTMODE1,飞行模式1,Integer,0,0,0,20,,true,ExactMatch,设置通道5位置1对应的飞行模式,AI生成器,2024-12-19 10:00:16,true
00018,设置飞行模式2为2（定高模式）,ParameterSetting,FlightModes,Easy,3,FLTMODE2,飞行模式2,Integer,2,0,0,20,,true,ExactMatch,设置通道5位置2对应的飞行模式,AI生成器,2024-12-19 10:00:17,true
00019,验证飞行模式3是否设置为5（自稳模式）,ParameterVerify,FlightModes,Easy,3,FLTMODE3,飞行模式3,Integer,5,0,0,20,,true,ExactMatch,检查通道5位置3的飞行模式设置,AI生成器,2024-12-19 10:00:18,true
00020,将飞行模式4设置为6（返航模式）,ParameterSetting,FlightModes,Medium,4,FLTMODE4,飞行模式4,Integer,6,0,0,20,,true,ExactMatch,设置通道5位置4对应的飞行模式,AI生成器,2024-12-19 10:00:19,true
00021,设置GPS类型GPS_TYPE为1,ParameterSetting,SensorCalibration,Medium,4,GPS_TYPE,GPS类型,Integer,1,0,0,20,,true,ExactMatch,配置主GPS接收器类型,AI生成器,2024-12-19 10:00:20,true
00022,验证良好HDOP值GPS_HDOP_GOOD是否为230,ParameterVerify,SensorCalibration,Medium,4,GPS_HDOP_GOOD,良好HDOP值,Integer,230,0,100,900,,true,ExactMatch,GPS水平精度稀释的阈值,AI生成器,2024-12-19 10:00:21,true
00023,将电池监测类型BATT_MONITOR设置为4,ParameterSetting,SafetySettings,Medium,5,BATT_MONITOR,电池监测类型,Integer,4,0,0,20,,true,ExactMatch,启用电池电压和电流监测,AI生成器,2024-12-19 10:00:22,true
00024,设置电池容量BATT_CAPACITY为5000,ParameterSetting,SafetySettings,Easy,3,BATT_CAPACITY,电池容量,Integer,5000,0,0,100000,mAh,true,ExactMatch,设置电池的额定容量,AI生成器,2024-12-19 10:00:23,true
00025,验证低电压警告BATT_LOW_VOLT是否设置为14.4,ParameterVerify,SafetySettings,Medium,4,BATT_LOW_VOLT,低电压警告,Float,14.4,0.1,0,100,V,true,FloatTolerance,触发低电压警告的电压阈值,AI生成器,2024-12-19 10:00:24,true
00026,将严重低电压BATT_CRT_VOLT设置为13.5,ParameterSetting,SafetySettings,Medium,5,BATT_CRT_VOLT,严重低电压,Float,13.5,0.1,0,100,V,true,FloatTolerance,触发紧急降落的电压阈值,AI生成器,2024-12-19 10:00:25,true
00027,设置横滚角度P增益ATC_ANG_RLL_P为4.5,ParameterSetting,PIDTuning,Medium,5,ATC_ANG_RLL_P,横滚角度P增益,Float,4.5,0.1,0,12,,true,FloatTolerance,控制横滚角度响应的比例增益,AI生成器,2024-12-19 10:00:26,true
00028,验证俯仰角度P增益ATC_ANG_PIT_P的值是否为4.5,ParameterVerify,PIDTuning,Medium,5,ATC_ANG_PIT_P,俯仰角度P增益,Float,4.5,0.1,0,12,,true,FloatTolerance,控制俯仰角度响应的比例增益,AI生成器,2024-12-19 10:00:27,true
00029,将偏航角度P增益ATC_ANG_YAW_P设置为4.5,ParameterSetting,PIDTuning,Medium,5,ATC_ANG_YAW_P,偏航角度P增益,Float,4.5,0.1,0,12,,true,FloatTolerance,控制偏航角度响应的比例增益,AI生成器,2024-12-19 10:00:28,true
00030,设置位置控制最大速度PSC_VELXY_P为1.0,ParameterSetting,PIDTuning,Medium,5,PSC_VELXY_P,水平速度P增益,Float,1.0,0.1,0.1,6,,true,FloatTolerance,水平位置控制的比例增益,AI生成器,2024-12-19 10:00:29,true
00031,验证垂直速度P增益PSC_VELZ_P是否为5.0,ParameterVerify,PIDTuning,Medium,5,PSC_VELZ_P,垂直速度P增益,Float,5.0,0.1,1,8,,true,FloatTolerance,垂直位置控制的比例增益,AI生成器,2024-12-19 10:00:30,true
00032,将水平加速度最大值PSC_ACCXY_MAX设置为10,ParameterSetting,PIDTuning,Medium,4,PSC_ACCXY_MAX,水平最大加速度,Float,10,0.5,1,20,m/s²,true,FloatTolerance,限制水平方向的最大加速度,AI生成器,2024-12-19 10:00:31,true
00033,设置垂直加速度最大值PSC_ACCZ_MAX为10,ParameterSetting,PIDTuning,Medium,4,PSC_ACCZ_MAX,垂直最大加速度,Float,10,0.5,1,20,m/s²,true,FloatTolerance,限制垂直方向的最大加速度,AI生成器,2024-12-19 10:00:32,true
00034,验证倾斜角最大值ANGLE_MAX是否设置为30度,ParameterVerify,SafetySettings,Medium,4,ANGLE_MAX,最大倾斜角,Integer,3000,10,1000,8000,厘度,true,ExactMatch,限制飞行器的最大倾斜角度,AI生成器,2024-12-19 10:00:33,true
00035,将RC输入超时RC_TIMEOUT设置为1.0秒,ParameterSetting,SafetySettings,Medium,4,RC_TIMEOUT,遥控超时,Float,1.0,0.1,0.5,30,s,true,FloatTolerance,遥控信号丢失的超时时间,AI生成器,2024-12-19 10:00:34,true
00036,设置故障保护动作FS_THR_ENABLE为1,ParameterSetting,SafetySettings,Medium,5,FS_THR_ENABLE,油门故障保护,Integer,1,0,0,4,,true,ExactMatch,启用油门信号丢失保护,AI生成器,2024-12-19 10:00:35,true
00037,验证GPS故障保护FS_GPS_ENABLE是否设置为1,ParameterVerify,SafetySettings,Medium,5,FS_GPS_ENABLE,GPS故障保护,Integer,1,0,0,5,,true,ExactMatch,启用GPS信号丢失保护,AI生成器,2024-12-19 10:00:36,true
00038,将电池故障保护FS_BATT_ENABLE设置为1,ParameterSetting,SafetySettings,Medium,5,FS_BATT_ENABLE,电池故障保护,Integer,1,0,0,2,,true,ExactMatch,启用电池低电压保护,AI生成器,2024-12-19 10:00:37,true
00039,设置解锁检查ARMING_CHECK为1,ParameterSetting,SafetySettings,Medium,4,ARMING_CHECK,解锁检查,Integer,1,0,0,1,,true,ExactMatch,启用解锁前的安全检查,AI生成器,2024-12-19 10:00:38,true
00040,验证解锁最小油门ARMING_MIS_THR是否为0.1,ParameterVerify,SafetySettings,Medium,4,ARMING_MIS_THR,解锁最小油门,Float,0.1,0.01,0,0.5,,true,FloatTolerance,解锁时要求的最小油门值,AI生成器,2024-12-19 10:00:39,true
00041,将INS惯导系统使用个数INS_USE设置为1,ParameterSetting,SensorCalibration,Medium,4,INS_USE,惯导使用个数,Integer,1,0,0,3,,true,ExactMatch,设置使用的IMU传感器数量,AI生成器,2024-12-19 10:00:40,true
00042,设置加速度计校准ACCEL_CAL为1,ParameterSetting,SensorCalibration,Medium,5,INS_ACCEL_FILTER,加速度计滤波,Float,20,1,5,50,Hz,true,FloatTolerance,加速度计低通滤波频率,AI生成器,2024-12-19 10:00:41,true
00043,验证陀螺仪滤波频率INS_GYRO_FILTER是否为20Hz,ParameterVerify,SensorCalibration,Medium,5,INS_GYRO_FILTER,陀螺仪滤波,Float,20,1,5,50,Hz,true,FloatTolerance,陀螺仪低通滤波频率,AI生成器,2024-12-19 10:00:42,true
00044,将罗盘使用个数COMPASS_USE设置为1,ParameterSetting,SensorCalibration,Medium,4,COMPASS_USE,罗盘使用,Integer,1,0,0,3,,true,ExactMatch,启用罗盘传感器,AI生成器,2024-12-19 10:00:43,true
00045,设置罗盘自动校准COMPASS_AUTODEC为1,ParameterSetting,SensorCalibration,Medium,4,COMPASS_AUTODEC,罗盘自动校准,Integer,1,0,0,1,,true,ExactMatch,启用罗盘磁偏角自动设置,AI生成器,2024-12-19 10:00:44,true
00046,验证罗盘学习参数COMPASS_LEARN是否为0,ParameterVerify,SensorCalibration,Easy,3,COMPASS_LEARN,罗盘学习,Integer,0,0,0,3,,true,ExactMatch,罗盘偏移量学习模式,AI生成器,2024-12-19 10:00:45,true
00047,将日志启用LOG_BACKEND_TYPE设置为1,ParameterSetting,AdvancedFeatures,Easy,3,LOG_BACKEND_TYPE,日志后端类型,Integer,1,0,0,4,,true,ExactMatch,启用SD卡日志记录,AI生成器,2024-12-19 10:00:46,true
00048,设置日志位掩码LOG_BITMASK为176126,ParameterSetting,AdvancedFeatures,Hard,6,LOG_BITMASK,日志位掩码,Integer,176126,0,0,2000000,,true,ExactMatch,选择记录的日志类型,AI生成器,2024-12-19 10:00:47,true
00049,验证串口0波特率SERIAL0_BAUD是否为115200,ParameterVerify,BasicParameters,Easy,3,SERIAL0_BAUD,串口0波特率,Integer,115200,0,1200,2000000,bps,true,ExactMatch,USB串口通信速率,AI生成器,2024-12-19 10:00:48,true
00050,将串口1协议SERIAL1_PROTOCOL设置为1,ParameterSetting,BasicParameters,Medium,4,SERIAL1_PROTOCOL,串口1协议,Integer,1,0,0,20,,true,ExactMatch,设置TELEM1端口协议为MAVLink,AI生成器,2024-12-19 10:00:49,true
00051,设置串口1波特率SERIAL1_BAUD为57600,ParameterSetting,BasicParameters,Medium,4,SERIAL1_BAUD,串口1波特率,Integer,57600,0,1200,2000000,bps,true,ExactMatch,TELEM1端口通信速率,AI生成器,2024-12-19 10:00:50,true
00052,验证横滚速率滤波频率ATC_RAT_RLL_FILT是否为20Hz,ParameterVerify,PIDTuning,Medium,5,ATC_RAT_RLL_FILT,横滚速率滤波,Float,20,1,5,50,Hz,true,FloatTolerance,横滚速率控制器滤波频率,AI生成器,2024-12-19 10:00:51,true
00053,将俯仰速率滤波频率ATC_RAT_PIT_FILT设置为20Hz,ParameterSetting,PIDTuning,Medium,5,ATC_RAT_PIT_FILT,俯仰速率滤波,Float,20,1,5,50,Hz,true,FloatTolerance,俯仰速率控制器滤波频率,AI生成器,2024-12-19 10:00:52,true
00054,设置偏航速率滤波频率ATC_RAT_YAW_FILT为5Hz,ParameterSetting,PIDTuning,Medium,5,ATC_RAT_YAW_FILT,偏航速率滤波,Float,5,0.5,1,20,Hz,true,FloatTolerance,偏航速率控制器滤波频率,AI生成器,2024-12-19 10:00:53,true
00055,验证最大爬升速度WPNAV_SPEED_UP是否为250cm/s,ParameterVerify,PIDTuning,Medium,4,WPNAV_SPEED_UP,最大爬升速度,Float,250,10,10,1000,cm/s,true,FloatTolerance,自动模式下的最大爬升速度,AI生成器,2024-12-19 10:00:54,true
00056,将最大下降速度WPNAV_SPEED_DN设置为150cm/s,ParameterSetting,PIDTuning,Medium,4,WPNAV_SPEED_DN,最大下降速度,Float,150,10,10,500,cm/s,true,FloatTolerance,自动模式下的最大下降速度,AI生成器,2024-12-19 10:00:55,true
00057,设置导航速度WPNAV_SPEED为500cm/s,ParameterSetting,PIDTuning,Medium,4,WPNAV_SPEED,导航速度,Float,500,10,20,2000,cm/s,true,FloatTolerance,自动模式下的水平飞行速度,AI生成器,2024-12-19 10:00:56,true
00058,验证返航高度RTL_ALT是否设置为1500cm,ParameterVerify,SafetySettings,Medium,4,RTL_ALT,返航高度,Float,1500,50,0,8000,cm,true,FloatTolerance,返航模式的飞行高度,AI生成器,2024-12-19 10:00:57,true
00059,将返航速度RTL_SPEED设置为500cm/s,ParameterSetting,SafetySettings,Medium,4,RTL_SPEED,返航速度,Float,500,10,0,2000,cm/s,true,FloatTolerance,返航模式的水平速度,AI生成器,2024-12-19 10:00:58,true
00060,设置着陆速度LAND_SPEED为50cm/s,ParameterSetting,SafetySettings,Medium,4,LAND_SPEED,着陆速度,Float,50,5,30,200,cm/s,true,FloatTolerance,自动着陆的下降速度,AI生成器,2024-12-19 10:00:59,true
00061,验证EKF2启用参数EK2_ENABLE是否为1,ParameterVerify,AdvancedFeatures,Medium,5,EK2_ENABLE,EKF2启用,Integer,1,0,0,1,,true,ExactMatch,启用扩展卡尔曼滤波器2,AI生成器,2024-12-19 10:01:00,true
00062,将EKF2 IMU掩码EK2_IMU_MASK设置为3,ParameterSetting,AdvancedFeatures,Hard,6,EK2_IMU_MASK,EKF2 IMU掩码,Integer,3,0,1,7,,true,ExactMatch,选择EKF2使用的IMU传感器,AI生成器,2024-12-19 10:01:01,true
00063,设置EKF2高度传感器EK2_ALT_SOURCE为1,ParameterSetting,AdvancedFeatures,Medium,5,EK2_ALT_SOURCE,EKF2高度源,Integer,1,0,0,3,,true,ExactMatch,选择EKF2的主要高度数据源,AI生成器,2024-12-19 10:01:02,true
00064,验证EKF2 GPS类型EK2_GPS_TYPE是否为0,ParameterVerify,AdvancedFeatures,Medium,5,EK2_GPS_TYPE,EKF2 GPS类型,Integer,0,0,0,3,,true,ExactMatch,EKF2使用的GPS模式,AI生成器,2024-12-19 10:01:03,true
00065,将横滚轴输入死区RC1_DZ设置为30,ParameterSetting,BasicParameters,Easy,3,RC1_DZ,RC1死区,Integer,30,0,0,200,,true,ExactMatch,横滚通道的死区大小,AI生成器,2024-12-19 10:01:04,true
00066,设置俯仰轴输入死区RC2_DZ为30,ParameterSetting,BasicParameters,Easy,3,RC2_DZ,RC2死区,Integer,30,0,0,200,,true,ExactMatch,俯仰通道的死区大小,AI生成器,2024-12-19 10:01:05,true
00067,验证油门通道死区RC3_DZ是否为30,ParameterVerify,BasicParameters,Easy,3,RC3_DZ,RC3死区,Integer,30,0,0,200,,true,ExactMatch,油门通道的死区大小,AI生成器,2024-12-19 10:01:06,true
00068,将偏航轴输入死区RC4_DZ设置为40,ParameterSetting,BasicParameters,Easy,3,RC4_DZ,RC4死区,Integer,40,0,0,200,,true,ExactMatch,偏航通道的死区大小,AI生成器,2024-12-19 10:01:07,true
00069,设置遥控器1最小值RC1_MIN为1100,ParameterSetting,BasicParameters,Medium,4,RC1_MIN,RC1最小值,Integer,1100,0,800,1300,μs,true,ExactMatch,横滚通道的最小脉宽,AI生成器,2024-12-19 10:01:08,true
00070,验证遥控器1最大值RC1_MAX是否为1900,ParameterVerify,BasicParameters,Medium,4,RC1_MAX,RC1最大值,Integer,1900,0,1700,2200,μs,true,ExactMatch,横滚通道的最大脉宽,AI生成器,2024-12-19 10:01:09,true
00071,将遥控器2最小值RC2_MIN设置为1100,ParameterSetting,BasicParameters,Medium,4,RC2_MIN,RC2最小值,Integer,1100,0,800,1300,μs,true,ExactMatch,俯仰通道的最小脉宽,AI生成器,2024-12-19 10:01:10,true
00072,设置遥控器2最大值RC2_MAX为1900,ParameterSetting,BasicParameters,Medium,4,RC2_MAX,RC2最大值,Integer,1900,0,1700,2200,μs,true,ExactMatch,俯仰通道的最大脉宽,AI生成器,2024-12-19 10:01:11,true
00073,验证遥控器3最小值RC3_MIN是否为1100,ParameterVerify,BasicParameters,Medium,4,RC3_MIN,RC3最小值,Integer,1100,0,800,1300,μs,true,ExactMatch,油门通道的最小脉宽,AI生成器,2024-12-19 10:01:12,true
00074,将遥控器3最大值RC3_MAX设置为1900,ParameterSetting,BasicParameters,Medium,4,RC3_MAX,RC3最大值,Integer,1900,0,1700,2200,μs,true,ExactMatch,油门通道的最大脉宽,AI生成器,2024-12-19 10:01:13,true
00075,设置遥控器4最小值RC4_MIN为1100,ParameterSetting,BasicParameters,Medium,4,RC4_MIN,RC4最小值,Integer,1100,0,800,1300,μs,true,ExactMatch,偏航通道的最小脉宽,AI生成器,2024-12-19 10:01:14,true
00076,验证遥控器4最大值RC4_MAX是否为1900,ParameterVerify,BasicParameters,Medium,4,RC4_MAX,RC4最大值,Integer,1900,0,1700,2200,μs,true,ExactMatch,偏航通道的最大脉宽,AI生成器,2024-12-19 10:01:15,true
00077,将飞行模式5设置为3（定点模式）,ParameterSetting,FlightModes,Easy,3,FLTMODE5,飞行模式5,Integer,3,0,0,20,,true,ExactMatch,设置通道5位置5对应的飞行模式,AI生成器,2024-12-19 10:01:16,true
00078,设置飞行模式6为9（土地模式）,ParameterSetting,FlightModes,Medium,4,FLTMODE6,飞行模式6,Integer,9,0,0,20,,true,ExactMatch,设置通道5位置6对应的飞行模式,AI生成器,2024-12-19 10:01:17,true
00079,验证简单模式掩码SIMPLE是否为0,ParameterVerify,FlightModes,Easy,3,SIMPLE,简单模式掩码,Integer,0,0,0,63,,true,ExactMatch,禁用简单飞行模式,AI生成器,2024-12-19 10:01:18,true
00080,将超级简单模式SUPER_SIMPLE设置为0,ParameterSetting,FlightModes,Easy,3,SUPER_SIMPLE,超级简单模式,Integer,0,0,0,63,,true,ExactMatch,禁用超级简单飞行模式,AI生成器,2024-12-19 10:01:19,true
00081,设置气压计滤波BARO_FILTER为0.3,ParameterSetting,SensorCalibration,Medium,5,BARO_FILTER,气压计滤波,Float,0.3,0.05,0,1,Hz,true,FloatTolerance,气压计数据滤波频率,AI生成器,2024-12-19 10:01:20,true
00082,验证第二GPS类型GPS_TYPE2是否为0,ParameterVerify,SensorCalibration,Easy,3,GPS_TYPE2,GPS类型2,Integer,0,0,0,20,,true,ExactMatch,禁用第二个GPS接收器,AI生成器,2024-12-19 10:01:21,true
00083,将GPS自动切换GPS_AUTO_SWITCH设置为1,ParameterSetting,SensorCalibration,Medium,4,GPS_AUTO_SWITCH,GPS自动切换,Integer,1,0,0,2,,true,ExactMatch,启用双GPS自动切换功能,AI生成器,2024-12-19 10:01:22,true
00084,设置GPS最小卫星数GPS_MIN_DGPS为6,ParameterSetting,SensorCalibration,Medium,4,GPS_MIN_DGPS,GPS最小卫星数,Integer,6,0,0,10,,true,ExactMatch,差分GPS要求的最小卫星数,AI生成器,2024-12-19 10:01:23,true
00085,验证声纳类型RNGFND1_TYPE是否为0,ParameterVerify,SensorCalibration,Easy,3,RNGFND1_TYPE,声纳类型1,Integer,0,0,0,20,,true,ExactMatch,禁用第一个距离传感器,AI生成器,2024-12-19 10:01:24,true
00086,将光流传感器FLOW_ENABLE设置为0,ParameterSetting,SensorCalibration,Medium,4,FLOW_ENABLE,光流启用,Integer,0,0,0,1,,true,ExactMatch,禁用光流传感器,AI生成器,2024-12-19 10:01:25,true
00087,设置第二罗盘启用COMPASS_USE2为1,ParameterSetting,SensorCalibration,Medium,4,COMPASS_USE2,罗盘2启用,Integer,1,0,0,1,,true,ExactMatch,启用第二个罗盘传感器,AI生成器,2024-12-19 10:01:26,true
00088,验证第三罗盘启用COMPASS_USE3是否为0,ParameterVerify,SensorCalibration,Easy,3,COMPASS_USE3,罗盘3启用,Integer,0,0,0,1,,true,ExactMatch,禁用第三个罗盘传感器,AI生成器,2024-12-19 10:01:27,true
00089,将惯导校准INS_ACCEL_FILTER设置为20,ParameterSetting,SensorCalibration,Medium,5,INS_ACCEL_FILTER,加速度计滤波,Float,20,1,5,50,Hz,true,FloatTolerance,加速度计低通滤波器设置,AI生成器,2024-12-19 10:01:28,true
00090,设置陀螺仪校准INS_GYRO_FILTER为20,ParameterSetting,SensorCalibration,Medium,5,INS_GYRO_FILTER,陀螺仪滤波,Float,20,1,5,50,Hz,true,FloatTolerance,陀螺仪低通滤波器设置,AI生成器,2024-12-19 10:01:29,true
00091,验证电机布局FRAME_TYPE是否为1,ParameterVerify,BasicParameters,Medium,4,FRAME_TYPE,机架类型,Integer,1,0,0,15,,true,ExactMatch,设置为X型四轴布局,AI生成器,2024-12-19 10:01:30,true
00092,将电机方向FRAME_CLASS设置为1,ParameterSetting,BasicParameters,Medium,4,FRAME_CLASS,机架分类,Integer,1,0,0,7,,true,ExactMatch,设置为四轴飞行器,AI生成器,2024-12-19 10:01:31,true
00093,设置地面效应补偿GNDEFFECT_ENABLE为1,ParameterSetting,AdvancedFeatures,Medium,5,MOT_GNDEFFECT_COMP,地面效应补偿,Float,1,0.1,0,2,,true,FloatTolerance,启用地面效应推力补偿,AI生成器,2024-12-19 10:01:32,true
00094,验证电机输出最小值MOT_PWM_MIN是否为1000,ParameterVerify,BasicParameters,Medium,4,MOT_PWM_MIN,电机PWM最小值,Integer,1000,0,800,1300,μs,true,ExactMatch,电机PWM信号最小脉宽,AI生成器,2024-12-19 10:01:33,true
00095,将电机输出最大值MOT_PWM_MAX设置为2000,ParameterSetting,BasicParameters,Medium,4,MOT_PWM_MAX,电机PWM最大值,Integer,2000,0,1700,2200,μs,true,ExactMatch,电机PWM信号最大脉宽,AI生成器,2024-12-19 10:01:34,true
00096,设置电机输出类型MOT_PWM_TYPE为0,ParameterSetting,BasicParameters,Medium,4,MOT_PWM_TYPE,电机PWM类型,Integer,0,0,0,5,,true,ExactMatch,使用标准PWM输出,AI生成器,2024-12-19 10:01:35,true
00097,验证悬停学习PILOT_THR_BHV是否为0,ParameterVerify,BasicParameters,Easy,3,PILOT_THR_BHV,油门行为,Integer,0,0,0,1,,true,ExactMatch,标准油门曲线行为,AI生成器,2024-12-19 10:01:36,true
00098,将油门中位PILOT_THR_FILT设置为0,ParameterSetting,BasicParameters,Easy,3,PILOT_THR_FILT,油门滤波,Float,0,0.5,0,10,Hz,true,FloatTolerance,禁用油门输入滤波,AI生成器,2024-12-19 10:01:37,true
00099,设置自动解锁AUTO_ARM为0,ParameterSetting,SafetySettings,Medium,5,ARMING_AUTO,自动解锁,Integer,0,0,0,2,,true,ExactMatch,禁用自动解锁功能,AI生成器,2024-12-19 10:01:38,true
00100,验证解锁延迟ARMING_DELAY是否为2秒,ParameterVerify,SafetySettings,Easy,3,ARMING_DELAY,解锁延迟,Float,2,0.1,0,10,s,true,FloatTolerance,解锁前的等待时间,AI生成器,2024-12-19 10:01:39,true
00101,将电机旋转方向验证MOT_SPIN_CHECK设置为1,ParameterSetting,SafetySettings,Medium,4,MOT_SPIN_CHECK,电机旋向检查,Integer,1,0,0,1,,true,ExactMatch,启用电机旋转方向检查,AI生成器,2024-12-19 10:01:40,true
00102,设置电机启动时间MOT_SPOOL_TIME为0.5秒,ParameterSetting,BasicParameters,Medium,4,MOT_SPOOL_TIME,电机启动时间,Float,0.5,0.1,0,2,s,true,FloatTolerance,电机从静止到工作转速的时间,AI生成器,2024-12-19 10:01:41,true
00103,验证位置控制水平速度限制PSC_VEL_XY_MAX是否为500,ParameterVerify,PIDTuning,Medium,4,PSC_VEL_XY_MAX,水平最大速度,Float,500,10,100,2000,cm/s,true,FloatTolerance,位置控制模式的最大水平速度,AI生成器,2024-12-19 10:01:42,true
00104,将位置控制垂直速度限制PSC_VEL_Z_MAX设置为250,ParameterSetting,PIDTuning,Medium,4,PSC_VEL_Z_MAX,垂直最大速度,Float,250,10,50,500,cm/s,true,FloatTolerance,位置控制模式的最大垂直速度,AI生成器,2024-12-19 10:01:43,true
00105,设置航点半径WPNAV_RADIUS为200cm,ParameterSetting,PIDTuning,Medium,4,WPNAV_RADIUS,航点半径,Float,200,10,10,1000,cm,true,FloatTolerance,到达航点的接受半径,AI生成器,2024-12-19 10:01:44,true
00106,验证航点加速度WPNAV_ACCEL是否为100,ParameterVerify,PIDTuning,Medium,4,WPNAV_ACCEL,航点加速度,Float,100,5,50,500,cm/s²,true,FloatTolerance,航点导航的加速度限制,AI生成器,2024-12-19 10:01:45,true
00107,将制动加速度ATC_ACCEL_Y_MAX设置为27000,ParameterSetting,PIDTuning,Medium,5,ATC_ACCEL_Y_MAX,偏航加速度最大值,Float,27000,1000,9000,54000,°/s²,true,FloatTolerance,偏航轴最大角加速度,AI生成器,2024-12-19 10:01:46,true
00108,设置横滚加速度ATC_ACCEL_R_MAX为110000,ParameterSetting,PIDTuning,Medium,5,ATC_ACCEL_R_MAX,横滚加速度最大值,Float,110000,5000,36000,180000,°/s²,true,FloatTolerance,横滚轴最大角加速度,AI生成器,2024-12-19 10:01:47,true
00109,验证俯仰加速度ATC_ACCEL_P_MAX是否为110000,ParameterVerify,PIDTuning,Medium,5,ATC_ACCEL_P_MAX,俯仰加速度最大值,Float,110000,5000,36000,180000,°/s²,true,FloatTolerance,俯仰轴最大角加速度,AI生成器,2024-12-19 10:01:48,true
00110,将着陆检测LAND_REPOSITION设置为1,ParameterSetting,SafetySettings,Medium,4,LAND_REPOSITION,着陆重定位,Integer,1,0,0,1,,true,ExactMatch,启用着陆点重定位功能,AI生成器,2024-12-19 10:01:49,true
00111,设置着陆检测灵敏度LAND_DETECTOR为1,ParameterSetting,SafetySettings,Medium,4,PILOT_LAND_DETECT,着陆检测,Integer,1,0,0,1,,true,ExactMatch,启用自动着陆检测,AI生成器,2024-12-19 10:01:50,true
00112,验证失控保护FS_CRASH_CHECK是否为1,ParameterVerify,SafetySettings,Medium,5,FS_CRASH_CHECK,失控检查,Integer,1,0,0,2,,true,ExactMatch,启用失控检测保护,AI生成器,2024-12-19 10:01:51,true
00113,将油门死区THR_DZ设置为100,ParameterSetting,BasicParameters,Easy,3,PILOT_THR_DZ,油门死区,Integer,100,0,0,300,,true,ExactMatch,油门摇杆的死区范围,AI生成器,2024-12-19 10:01:52,true
00114,设置遥控器故障保护值FS_THR_VALUE为975,ParameterSetting,SafetySettings,Medium,5,FS_THR_VALUE,故障保护油门值,Integer,975,0,925,1100,,true,ExactMatch,触发故障保护的油门脉宽值,AI生成器,2024-12-19 10:01:53,true
00115,验证GPS故障保护时间FS_GPS_TIMEOUT是否为5秒,ParameterVerify,SafetySettings,Medium,4,FS_GPS_TIMEOUT,GPS超时,Float,5,0.5,3,30,s,true,FloatTolerance,GPS故障保护触发时间,AI生成器,2024-12-19 10:01:54,true
00116,将电池故障保护电压FS_BATT_VOLTAGE设置为0,ParameterSetting,SafetySettings,Medium,5,FS_BATT_VOLTAGE,故障保护电压,Float,0,0.1,0,50,V,true,FloatTolerance,禁用基于电压的故障保护,AI生成器,2024-12-19 10:01:55,true
00117,设置电池故障保护容量FS_BATT_MAH为0,ParameterSetting,SafetySettings,Medium,5,FS_BATT_MAH,故障保护容量,Float,0,10,0,100000,mAh,true,FloatTolerance,禁用基于容量的故障保护,AI生成器,2024-12-19 10:01:56,true
00118,验证集群避让AVOID_ENABLE是否为0,ParameterVerify,AdvancedFeatures,Easy,3,AVOID_ENABLE,避障启用,Integer,0,0,0,1,,true,ExactMatch,禁用自动避障功能,AI生成器,2024-12-19 10:01:57,true
00119,将精确着陆PLND_ENABLED设置为0,ParameterSetting,AdvancedFeatures,Medium,4,PLND_ENABLED,精确着陆启用,Integer,0,0,0,1,,true,ExactMatch,禁用精确着陆功能,AI生成器,2024-12-19 10:01:58,true
00120,设置摄像头稳定器CAM_TRIGG_TYPE为0,ParameterSetting,AdvancedFeatures,Easy,3,CAM_TRIGG_TYPE,相机触发类型,Integer,0,0,0,3,,true,ExactMatch,禁用相机自动触发,AI生成器,2024-12-19 10:01:59,true
00121,验证云台倾斜类型MNT_TYPE是否为0,ParameterVerify,AdvancedFeatures,Easy,3,MNT_TYPE,云台类型,Integer,0,0,0,4,,true,ExactMatch,禁用云台控制,AI生成器,2024-12-19 10:02:00,true
00122,将伺服器输出频率SERVO1_FUNCTION设置为0,ParameterSetting,BasicParameters,Medium,4,SERVO1_FUNCTION,伺服1功能,Integer,0,0,0,100,,true,ExactMatch,禁用辅助伺服器1,AI生成器,2024-12-19 10:02:01,true
00123,设置伺服器输出频率SERVO2_FUNCTION为0,ParameterSetting,BasicParameters,Medium,4,SERVO2_FUNCTION,伺服2功能,Integer,0,0,0,100,,true,ExactMatch,禁用辅助伺服器2,AI生成器,2024-12-19 10:02:02,true
00124,验证降落伞释放CHUTE_ENABLED是否为0,ParameterVerify,SafetySettings,Easy,3,CHUTE_ENABLED,降落伞启用,Integer,0,0,0,1,,true,ExactMatch,禁用降落伞系统,AI生成器,2024-12-19 10:02:03,true
00125,将EPM模块启用EPM_ENABLE设置为0,ParameterSetting,AdvancedFeatures,Easy,3,EPM_ENABLE,EPM启用,Integer,0,0,0,1,,true,ExactMatch,禁用电磁铁模块,AI生成器,2024-12-19 10:02:04,true
00126,设置激光雷达LGR_ENABLE为0,ParameterSetting,SensorCalibration,Easy,3,LGR_ENABLE,激光雷达启用,Integer,0,0,0,1,,true,ExactMatch,禁用激光雷达传感器,AI生成器,2024-12-19 10:02:05,true
00127,验证LED条启用NTF_LED_TYPES是否为7,ParameterVerify,BasicParameters,Easy,3,NTF_LED_TYPES,LED类型,Integer,7,0,0,15,,true,ExactMatch,启用内置LED指示,AI生成器,2024-12-19 10:02:06,true
00128,将蜂鸣器启用NTF_BUZZ_ENABLE设置为1,ParameterSetting,BasicParameters,Easy,3,NTF_BUZZ_ENABLE,蜂鸣器启用,Integer,1,0,0,1,,true,ExactMatch,启用蜂鸣器提示音,AI生成器,2024-12-19 10:02:07,true
00129,设置显示类型NTF_DISPLAY_TYPE为0,ParameterSetting,BasicParameters,Easy,3,NTF_DISPLAY_TYPE,显示器类型,Integer,0,0,0,2,,true,ExactMatch,禁用外接显示器,AI生成器,2024-12-19 10:02:08,true
00130,验证OSD启用OSD_TYPE是否为0,ParameterVerify,BasicParameters,Easy,3,OSD_TYPE,OSD类型,Integer,0,0,0,2,,true,ExactMatch,禁用屏幕显示系统,AI生成器,2024-12-19 10:02:09,true
00131,将地面站心跳超时GCS_PID_MASK设置为0,ParameterSetting,AdvancedFeatures,Medium,4,GCS_PID_MASK,地面站PID掩码,Integer,0,0,0,255,,true,ExactMatch,禁用向地面站发送PID调试信息,AI生成器,2024-12-19 10:02:10,true
00132,设置数据流速率SR0_EXTRA1为10Hz,ParameterSetting,AdvancedFeatures,Medium,4,SR0_EXTRA1,USB数据流1,Integer,10,0,0,50,Hz,true,ExactMatch,设置USB端口扩展数据流频率,AI生成器,2024-12-19 10:02:11,true
00133,验证数据流速率SR0_EXTRA2是否为10Hz,ParameterVerify,AdvancedFeatures,Medium,4,SR0_EXTRA2,USB数据流2,Integer,10,0,0,50,Hz,true,ExactMatch,USB端口扩展数据流2频率,AI生成器,2024-12-19 10:02:12,true
00134,将数据流速率SR0_EXTRA3设置为2Hz,ParameterSetting,AdvancedFeatures,Medium,4,SR0_EXTRA3,USB数据流3,Integer,2,0,0,50,Hz,true,ExactMatch,设置USB端口扩展数据流3频率,AI生成器,2024-12-19 10:02:13,true
00135,设置数据流速率SR0_EXT_STAT为2Hz,ParameterSetting,AdvancedFeatures,Medium,4,SR0_EXT_STAT,USB扩展状态,Integer,2,0,0,50,Hz,true,ExactMatch,USB端口扩展状态信息频率,AI生成器,2024-12-19 10:02:14,true
00136,验证数据流速率SR0_POSITION是否为2Hz,ParameterVerify,AdvancedFeatures,Medium,4,SR0_POSITION,USB位置信息,Integer,2,0,0,50,Hz,true,ExactMatch,USB端口位置信息流频率,AI生成器,2024-12-19 10:02:15,true
00137,将数据流速率SR0_RAW_CTRL设置为1Hz,ParameterSetting,AdvancedFeatures,Medium,4,SR0_RAW_CTRL,USB原始控制,Integer,1,0,0,50,Hz,true,ExactMatch,USB端口原始控制数据频率,AI生成器,2024-12-19 10:02:16,true
00138,设置数据流速率SR0_RAW_SENS为1Hz,ParameterSetting,AdvancedFeatures,Medium,4,SR0_RAW_SENS,USB原始传感器,Integer,1,0,0,50,Hz,true,ExactMatch,USB端口原始传感器数据频率,AI生成器,2024-12-19 10:02:17,true
00139,验证数据流速率SR0_RC_CHAN是否为1Hz,ParameterVerify,AdvancedFeatures,Medium,4,SR0_RC_CHAN,USB遥控通道,Integer,1,0,0,50,Hz,true,ExactMatch,USB端口遥控通道数据频率,AI生成器,2024-12-19 10:02:18,true
00140,将TELEM1数据流SR1_EXTRA1设置为4Hz,ParameterSetting,AdvancedFeatures,Medium,4,SR1_EXTRA1,TELEM1数据流1,Integer,4,0,0,50,Hz,true,ExactMatch,TELEM1端口扩展数据流频率,AI生成器,2024-12-19 10:02:19,true
00141,设置TELEM1数据流SR1_EXTRA2为4Hz,ParameterSetting,AdvancedFeatures,Medium,4,SR1_EXTRA2,TELEM1数据流2,Integer,4,0,0,50,Hz,true,ExactMatch,TELEM1端口扩展数据流2频率,AI生成器,2024-12-19 10:02:20,true
00142,验证TELEM1数据流SR1_EXTRA3是否为1Hz,ParameterVerify,AdvancedFeatures,Medium,4,SR1_EXTRA3,TELEM1数据流3,Integer,1,0,0,50,Hz,true,ExactMatch,TELEM1端口扩展数据流3频率,AI生成器,2024-12-19 10:02:21,true
00143,将TELEM1状态流SR1_EXT_STAT设置为1Hz,ParameterSetting,AdvancedFeatures,Medium,4,SR1_EXT_STAT,TELEM1扩展状态,Integer,1,0,0,50,Hz,true,ExactMatch,TELEM1端口扩展状态信息频率,AI生成器,2024-12-19 10:02:22,true
00144,设置TELEM1位置流SR1_POSITION为1Hz,ParameterSetting,AdvancedFeatures,Medium,4,SR1_POSITION,TELEM1位置信息,Integer,1,0,0,50,Hz,true,ExactMatch,TELEM1端口位置信息流频率,AI生成器,2024-12-19 10:02:23,true
00145,验证电调校准ESC_CALIBRATION是否为0,ParameterVerify,BasicParameters,Easy,3,ESC_CALIBRATION,电调校准,Integer,0,0,0,3,,true,ExactMatch,电调校准模式设置,AI生成器,2024-12-19 10:02:24,true
00146,将电机测试安全限制MOT_SAFE_DISARM设置为0,ParameterSetting,SafetySettings,Medium,5,MOT_SAFE_DISARM,电机安全解锁,Integer,0,0,0,1,,true,ExactMatch,允许在解锁状态下进行电机测试,AI生成器,2024-12-19 10:02:25,true
00147,设置着陆齿轮LAND_GEAR_ENABLE为0,ParameterSetting,AdvancedFeatures,Easy,3,LGR_SERVO_DEPLOY,起落架部署,Integer,0,0,0,1,,true,ExactMatch,禁用自动起落架控制,AI生成器,2024-12-19 10:02:26,true
00148,验证自动调参AUTOTUNE_ENABLE是否为1,ParameterVerify,AdvancedFeatures,Medium,5,AUTOTUNE_AGGR,自动调参,Float,0.1,0.05,0.05,0.2,,true,FloatTolerance,自动调参的激进程度,AI生成器,2024-12-19 10:02:27,true
00149,将振动故障保护INS_ACCEL_ENABLE设置为1,ParameterSetting,SafetySettings,Medium,5,INS_ACCEL_ENABLE,加速度计启用,Integer,1,0,0,1,,true,ExactMatch,启用加速度计振动检
00150,设置横滚速率最大值ATC_RAT_RLL_MAX为0,ParameterSetting,PIDTuning,Medium,5,ATC_RAT_RLL_MAX,横滚速率最大值,Float,0,10,0,1800,°/s,true,FloatTolerance,无限制横滚角速度,AI生成器,2024-12-19 10:02:28,true
00151,验证俯仰速率最大值ATC_RAT_PIT_MAX是否为0,ParameterVerify,PIDTuning,Medium,5,ATC_RAT_PIT_MAX,俯仰速率最大值,Float,0,10,0,1800,°/s,true,FloatTolerance,无限制俯仰角速度,AI生成器,2024-12-19 10:02:29,true
00152,将偏航速率最大值ATC_RAT_YAW_MAX设置为0,ParameterSetting,PIDTuning,Medium,5,ATC_RAT_YAW_MAX,偏航速率最大值,Float,0,10,0,1800,°/s,true,FloatTolerance,无限制偏航角速度,AI生成器,2024-12-19 10:02:30,true
00153,设置姿态前馈ATC_ANG_RLL_FF为0,ParameterSetting,PIDTuning,Hard,6,ATC_ANG_RLL_FF,横滚角度前馈,Float,0,0.1,0,10,,true,FloatTolerance,横滚角度控制前馈增益,AI生成器,2024-12-19 10:02:31,true
00154,验证俯仰前馈ATC_ANG_PIT_FF是否为0,ParameterVerify,PIDTuning,Hard,6,ATC_ANG_PIT_FF,俯仰角度前馈,Float,0,0.1,0,10,,true,FloatTolerance,俯仰角度控制前馈增益,AI生成器,2024-12-19 10:02:32,true
00155,将偏航前馈ATC_ANG_YAW_FF设置为0,ParameterSetting,PIDTuning,Hard,6,ATC_ANG_YAW_FF,偏航角度前馈,Float,0,0.1,0,10,,true,FloatTolerance,偏航角度控制前馈增益,AI生成器,2024-12-19 10:02:33,true
00156,设置横滚速率前馈ATC_RAT_RLL_FF为0,ParameterSetting,PIDTuning,Hard,6,ATC_RAT_RLL_FF,横滚速率前馈,Float,0,0.01,0,0.5,,true,FloatTolerance,横滚速率控制前馈增益,AI生成器,2024-12-19 10:02:34,true
00157,验证俯仰速率前馈ATC_RAT_PIT_FF是否为0,ParameterVerify,PIDTuning,Hard,6,ATC_RAT_PIT_FF,俯仰速率前馈,Float,0,0.01,0,0.5,,true,FloatTolerance,俯仰速率控制前馈增益,AI生成器,2024-12-19 10:02:35,true
00158,将偏航速率前馈ATC_RAT_YAW_FF设置为0,ParameterSetting,PIDTuning,Hard,6,ATC_RAT_YAW_FF,偏航速率前馈,Float,0,0.01,0,0.5,,true,FloatTolerance,偏航速率控制前馈增益,AI生成器,2024-12-19 10:02:36,true
00159,设置EKF2磁力计权重EK2_MAG_CAL为3,ParameterSetting,AdvancedFeatures,Hard,6,EK2_MAG_CAL,EKF2磁力计校准,Integer,3,0,0,5,,true,ExactMatch,磁力计校准学习速度,AI生成器,2024-12-19 10:02:37,true
00160,验证EKF2风速估计EK2_WIND_MAX是否为10,ParameterVerify,AdvancedFeatures,Medium,5,EK2_WIND_MAX,EKF2最大风速,Float,10,1,0,127,m/s,true,FloatTolerance,EKF允许的最大风速估计,AI生成器,2024-12-19 10:02:38,true
00161,将EKF2流量延迟EK2_FLOW_DELAY设置为10,ParameterSetting,AdvancedFeatures,Hard,6,EK2_FLOW_DELAY,EKF2光流延迟,Integer,10,1,0,127,ms,true,ExactMatch,光流传感器数据延迟补偿,AI生成器,2024-12-19 10:02:39,true
00162,设置EKF2视觉延迟EK2_VIS_DELAY为1,ParameterSetting,AdvancedFeatures,Hard,6,EK2_VIS_DELAY,EKF2视觉延迟,Integer,1,1,0,127,×10ms,true,ExactMatch,视觉传感器数据延迟补偿,AI生成器,2024-12-19 10:02:40,true
00163,验证EKF2速度噪声EK2_VEL_I_GATE是否为5,ParameterVerify,AdvancedFeatures,Hard,6,EK2_VEL_I_GATE,EKF2速度创新门,Float,5,0.5,3,16,,true,FloatTolerance,速度测量创新一致性检查,AI生成器,2024-12-19 10:02:41,true
00164,将EKF2位置噪声EK2_POS_I_GATE设置为5,ParameterSetting,AdvancedFeatures,Hard,6,EK2_POS_I_GATE,EKF2位置创新门,Float,5,0.5,3,16,,true,FloatTolerance,位置测量创新一致性检查,AI生成器,2024-12-19 10:02:42,true
00165,设置EKF2高度噪声EK2_HGT_I_GATE为3,ParameterSetting,AdvancedFeatures,Hard,6,EK2_HGT_I_GATE,EKF2高度创新门,Float,3,0.5,1,16,,true,FloatTolerance,高度测量创新一致性检查,AI生成器,2024-12-19 10:02:43,true
00166,验证EKF2磁力计噪声EK2_MAG_I_GATE是否为3,ParameterVerify,AdvancedFeatures,Hard,6,EK2_MAG_I_GATE,EKF2磁力计创新门,Float,3,0.5,1,16,,true,FloatTolerance,磁力计测量创新一致性检查,AI生成器,2024-12-19 10:02:44,true
00167,将EKF2空速噪声EK2_EAS_I_GATE设置为400,ParameterSetting,AdvancedFeatures,Hard,6,EK2_EAS_I_GATE,EKF2空速创新门,Float,400,50,100,1000,,true,FloatTolerance,空速测量创新一致性检查,AI生成器,2024-12-19 10:02:45,true
00168,设置飞行终止FLIGHT_TERM_ENABLE为0,ParameterSetting,SafetySettings,Medium,5,FLIGHT_TERM_ENABLE,飞行终止启用,Integer,0,0,0,1,,true,ExactMatch,禁用飞行终止功能,AI生成器,2024-12-19 10:02:46,true
00169,验证地理围栏启用FENCE_ENABLE是否为0,ParameterVerify,SafetySettings,Medium,4,FENCE_ENABLE,地理围栏启用,Integer,0,0,0,1,,true,ExactMatch,禁用地理围栏功能,AI生成器,2024-12-19 10:02:47,true
00170,将地理围栏类型FENCE_TYPE设置为7,ParameterSetting,SafetySettings,Medium,5,FENCE_TYPE,地理围栏类型,Integer,7,0,0,15,,true,ExactMatch,启用所有围栏类型,AI生成器,2024-12-19 10:02:48,true
00171,设置围栏动作FENCE_ACTION为1,ParameterSetting,SafetySettings,Medium,5,FENCE_ACTION,围栏违反动作,Integer,1,0,0,3,,true,ExactMatch,围栏违反时执行RTL,AI生成器,2024-12-19 10:02:49,true
00172,验证围栏高度FENCE_ALT_MAX是否为100米,ParameterVerify,SafetySettings,Medium,4,FENCE_ALT_MAX,围栏最大高度,Float,100,5,10,1000,m,true,FloatTolerance,设置围栏最大飞行高度,AI生成器,2024-12-19 10:02:50,true
00173,将围栏半径FENCE_RADIUS设置为300米,ParameterSetting,SafetySettings,Medium,4,FENCE_RADIUS,围栏半径,Float,300,10,30,10000,m,true,FloatTolerance,设置围栏圆形边界半径,AI生成器,2024-12-19 10:02:51,true
00174,设置围栏边界FENCE_MARGIN为2米,ParameterSetting,SafetySettings,Medium,4,FENCE_MARGIN,围栏边界,Float,2,0.5,1,10,m,true,FloatTolerance,围栏边界缓冲区,AI生成器,2024-12-19 10:02:52,true
00175,验证振动检查FS_VIBE_ENABLE是否为1,ParameterVerify,SafetySettings,Medium,5,FS_VIBE_ENABLE,振动故障保护,Integer,1,0,0,1,,true,ExactMatch,启用振动检测保护,AI生成器,2024-12-19 10:02:53,true
00176,将GCS故障保护FS_GCS_ENABLE设置为0,ParameterSetting,SafetySettings,Medium,4,FS_GCS_ENABLE,地面站故障保护,Integer,0,0,0,1,,true,ExactMatch,禁用地面站失联保护,AI生成器,2024-12-19 10:02:54,true
00177,设置EKF故障保护FS_EKF_ACTION为1,ParameterSetting,SafetySettings,Hard,6,FS_EKF_ACTION,EKF故障动作,Integer,1,0,0,2,,true,ExactMatch,EKF故障时执行着陆,AI生成器,2024-12-19 10:02:55,true
00178,验证EKF阈值FS_EKF_THRESH是否为0.8,ParameterVerify,SafetySettings,Hard,6,FS_EKF_THRESH,EKF故障阈值,Float,0.8,0.05,0.1,1,,true,FloatTolerance,EKF方差阈值设置,AI生成器,2024-12-19 10:02:56,true
00179,将内部温度监测BRD_TEMP_MONITOR设置为0,ParameterSetting,AdvancedFeatures,Medium,4,BRD_TEMP_MONITOR,温度监测,Integer,0,0,0,1,,true,ExactMatch,禁用内部温度监测,AI生成器,2024-12-19 10:02:57,true
00180,设置PWM输出频率BRD_PWM_COUNT为4,ParameterSetting,BasicParameters,Medium,4,BRD_PWM_COUNT,PWM输出数量,Integer,4,0,0,16,,true,ExactMatch,设置主输出PWM通道数,AI生成器,2024-12-19 10:02:58,true
00181,验证辅助PWM频率BRD_PWM_FREQ是否为50,ParameterVerify,BasicParameters,Medium,4,BRD_PWM_FREQ,PWM频率,Integer,50,0,1,8000,Hz,true,ExactMatch,设置PWM信号频率,AI生成器,2024-12-19 10:02:59,true
00182,将安全开关BRD_SAFETY_ENABLE设置为1,ParameterSetting,SafetySettings,Medium,4,BRD_SAFETY_ENABLE,安全开关启用,Integer,1,0,0,1,,true,ExactMatch,启用外部安全开关,AI生成器,2024-12-19 10:03:00,true
00183,设置看门狗BRD_WATCHDOG为256,ParameterSetting,AdvancedFeatures,Medium,4,BRD_WATCHDOG,看门狗,Integer,256,0,0,256,,true,ExactMatch,启用系统看门狗功能,AI生成器,2024-12-19 10:03:01,true
00184,验证芯片类型BRD_TYPE是否为20,ParameterVerify,BasicParameters,Easy,3,BRD_TYPE,板子类型,Integer,20,0,0,100,,true,ExactMatch,自动检测飞控板类型,AI生成器,2024-12-19 10:03:02,true
00185,将CAN总线启用CAN_ENABLE设置为0,ParameterSetting,AdvancedFeatures,Medium,4,CAN_D1_PROTOCOL,CAN1协议,Integer,0,0,0,11,,true,ExactMatch,禁用CAN1总线协议,AI生成器,2024-12-19 10:03:03,true
00186,设置CAN波特率CAN_BITRATE为1000000,ParameterSetting,AdvancedFeatures,Medium,4,CAN_D1_BITRATE,CAN1波特率,Integer,1000000,0,10000,8000000,bit/s,true,ExactMatch,设置CAN1总线波特率,AI生成器,2024-12-19 10:03:04,true
00187,验证电调协议MOT_PWM_TYPE是否为0,ParameterVerify,BasicParameters,Medium,4,MOT_PWM_TYPE,电机PWM类型,Integer,0,0,0,6,,true,ExactMatch,使用标准PWM电调协议,AI生成器,2024-12-19 10:03:05,true
00188,将DShot协议MOT_PWM_TYPE设置为6,ParameterSetting,BasicParameters,Hard,6,MOT_PWM_TYPE,电机PWM类型,Integer,6,0,0,6,,true,ExactMatch,使用DShot1200协议,AI生成器,2024-12-19 10:03:06,true
00189,设置电机方向检查MOT_SPIN_WHEN_ARMED为0,ParameterSetting,SafetySettings,Medium,4,MOT_SPIN_WHEN_ARMED,解锁时电机旋转,Integer,0,0,0,2,,true,ExactMatch,解锁时电机不旋转,AI生成器,2024-12-19 10:03:07,true
00190,验证电机方向测试时间MOT_SPIN_TEST是否为0,ParameterVerify,SafetySettings,Easy,3,MOT_SPIN_TEST,电机测试时间,Float,0,0.1,0,10,s,true,FloatTolerance,禁用电机旋转测试,AI生成器,2024-12-19 10:03:08,true
00191,将位置控制死区PSC_POS_XY_P设置为1,ParameterSetting,PIDTuning,Medium,5,PSC_POS_XY_P,水平位置P增益,Float,1,0.1,0.1,3,,true,FloatTolerance,水平位置控制比例增益,AI生成器,2024-12-19 10:03:09,true
00192,设置位置控制死区PSC_POS_Z_P为1,ParameterSetting,PIDTuning,Medium,5,PSC_POS_Z_P,垂直位置P增益,Float,1,0.1,0.1,3,,true,FloatTolerance,垂直位置控制比例增益,AI生成器,2024-12-19 10:03:10,true
00193,验证速度控制I增益PSC_VELXY_I是否为0.5,ParameterVerify,PIDTuning,Medium,5,PSC_VELXY_I,水平速度I增益,Float,0.5,0.1,0,3,,true,FloatTolerance,水平速度控制积分增益,AI生成器,2024-12-19 10:03:11,true
00194,将速度控制D增益PSC_VELXY_D设置为0,ParameterSetting,PIDTuning,Medium,5,PSC_VELXY_D,水平速度D增益,Float,0,0.01,0,1,,true,FloatTolerance,水平速度控制微分增益,AI生成器,2024-12-19 10:03:12,true
00195,设置垂直速度I增益PSC_VELZ_I为1,ParameterSetting,PIDTuning,Medium,5,PSC_VELZ_I,垂直速度I增益,Float,1,0.1,0,6,,true,FloatTolerance,垂直速度控制积分增益,AI生成器,2024-12-19 10:03:13,true
00196,验证垂直速度D增益PSC_VELZ_D是否为0,ParameterVerify,PIDTuning,Medium,5,PSC_VELZ_D,垂直速度D增益,Float,0,0.01,0,1,,true,FloatTolerance,垂直速度控制微分增益,AI生成器,2024-12-19 10:03:14,true
00197,将速度滤波频率PSC_VELXY_FILT设置为5,ParameterSetting,PIDTuning,Medium,5,PSC_VELXY_FILT,水平速度滤波,Float,5,0.5,0.1,20,Hz,true,FloatTolerance,水平速度控制器滤波频率,AI生成器,2024-12-19 10:03:15,true
00198,设置垂直速度滤波PSC_VELZ_FILT为5,ParameterSetting,PIDTuning,Medium,5,PSC_VELZ_FILT,垂直速度滤波,Float,5,0.5,0.1,20,Hz,true,FloatTolerance,垂直速度控制器滤波频率,AI生成器,2024-12-19 10:03:16,true
00199,验证加速度滤波PSC_ACCXY_FILT是否为2.5,ParameterVerify,PIDTuning,Medium,5,PSC_ACCXY_FILT,水平加速度滤波,Float,2.5,0.5,0.1,20,Hz,true,FloatTolerance,水平加速度控制器滤波频率,AI生成器,2024-12-19 10:03:17,true
00200,将垂直加速度滤波PSC_ACCZ_FILT设置为2.5,ParameterSetting,PIDTuning,Medium,5,PSC_ACCZ_FILT,垂直加速度滤波,Float,2.5,0.5,0.1,20,Hz,true,FloatTolerance,垂直加速度控制器滤波频率,AI生成器,2024-12-19 10:03:18,true
00201,设置倾斜补偿PSC_ANGLE_MAX为0,ParameterSetting,PIDTuning,Medium,4,PSC_ANGLE_MAX,位置控制最大角度,Float,0,1,0,60,°,true,FloatTolerance,使用ANGLE_MAX设置,AI生成器,2024-12-19 10:03:19,true
00202,验证导航速度限制WPNAV_ACCEL_Z是否为100,ParameterVerify,PIDTuning,Medium,4,WPNAV_ACCEL_Z,垂直导航加速度,Float,100,5,50,500,cm/s²,true,FloatTolerance,垂直导航加速度限制,AI生成器,2024-12-19 10:03:20,true
00203,将导航减速度WPNAV_ACCEL_C设置为100,ParameterSetting,PIDTuning,Medium,4,WPNAV_ACCEL_C,转弯加速度,Float,100,5,50,500,cm/s²,true,FloatTolerance,转弯时的加速度限制,AI生成器,2024-12-19 10:03:21,true
00204,设置下降速度WPNAV_SPEED_DN为150,ParameterSetting,PIDTuning,Medium,4,WPNAV_SPEED_DN,下降速度,Float,150,10,10,500,cm/s,true,FloatTolerance,自动下降的最大速度,AI生成器,2024-12-19 10:03:22,true
00205,验证爬升速度WPNAV_SPEED_UP是否为250,ParameterVerify,PIDTuning,Medium,4,WPNAV_SPEED_UP,爬升速度,Float,250,10,10,1000,cm/s,true,FloatTolerance,自动爬升的最大速度,AI生成器,2024-12-19 10:03:23,true
00206,将螺旋加速度CIRCLE_RATE设置为20,ParameterSetting,FlightModes,Medium,4,CIRCLE_RATE,绕圈速率,Float,20,1,1,90,°/s,true,FloatTolerance,绕圈模式的角速度,AI生成器,2024-12-19 10:03:24,true
00207,设置螺旋半径CIRCLE_RADIUS为10,ParameterSetting,FlightModes,Medium,4,CIRCLE_RADIUS,绕圈半径,Float,10,1,1,200,m,true,FloatTolerance,绕圈模式的飞行半径,AI生成器,2024-12-19 10:03:25,true
00208,验证自动着陆速度LAND_SPEED是否为50,ParameterVerify,SafetySettings,Medium,4,LAND_SPEED,着陆速度,Float,50,5,30,200,cm/s,true,FloatTolerance,自动着陆下降速度,AI生成器,2024-12-19 10:03:26,true
00209,将着陆减速LAND_SPEED_HIGH设置为500,ParameterSetting,SafetySettings,Medium,4,LAND_SPEED_HIGH,高空着陆速度,Float,500,25,100,2000,cm/s,true,FloatTolerance,高空阶段着陆速度,AI生成器,2024-12-19 10:03:27,true
00210,设置着陆检测高度LAND_ALT_LOW为1000,ParameterSetting,SafetySettings,Medium,4,LAND_ALT_LOW,低空着陆高度,Float,1000,50,0,10000,cm,true,FloatTolerance,切换到慢速着陆的高度,AI生成器,2024-12-19 10:03:28,true
00211,验证着陆检测时间LAND_DET_ACCEL_MAX是否为2,ParameterVerify,SafetySettings,Medium,4,LAND_DET_ACCEL_MAX,着陆检测加速度,Float,2,0.5,0,10,m/s²,true,FloatTolerance,着陆检测的最大加速度,AI生成器,2024-12-19 10:03:29,true
00212,将返航爬升速度RTL_CLIMB_MIN设置为0,ParameterSetting,SafetySettings,Medium,4,RTL_CLIMB_MIN,RTL最小爬升,Float,0,50,0,3000,cm,true,FloatTolerance,RTL开始前的最小爬升,AI生成器,2024-12-19 10:03:30,true
00213,设置返航锥形RTL_CONE_SLOPE为3,ParameterSetting,SafetySettings,Medium,4,RTL_CONE_SLOPE,RTL锥形斜率,Float,3,0.5,0.5,10,,true,FloatTolerance,RTL锥形爬升斜率,AI生成器,2024-12-19 10:03:31,true
00214,验证返航着陆延迟RTL_LOIT_TIME是否为5000,ParameterVerify,SafetySettings,Medium,4,RTL_LOIT_TIME,RTL悬停时间,Float,5000,500,0,60000,ms,true,FloatTolerance,返航后悬停等待时间,AI生成器,2024-12-19 10:03:32,true
00215,将返航着陆RTL_LAND设置为0,ParameterSetting,SafetySettings,Medium,4,RTL_LAND,RTL着陆,Integer,0,0,0,2,,true,ExactMatch,RTL后悬停不着陆,AI生成器,2024-12-19 10:03:33,true
00216,设置气压计地面压力BARO_GND_PRESS为101325,ParameterSetting,SensorCalibration,Medium,5,BARO_GND_PRESS,地面气压,Float,101325,100,80000,120000,Pa,true,FloatTolerance,海平面标准大气压,AI生成器,2024-12-19 10:03:34,true
00217,验证气压计温度BARO_GND_TEMP是否为35,ParameterVerify,SensorCalibration,Medium,4,BARO_GND_TEMP,地面温度,Float,35,2,0,50,°C,true,FloatTolerance,地面参考温度设置,AI生成器,2024-12-19 10:03:35,true
00218,将第二气压计启用BARO_PROBE_EXT设置为0,ParameterSetting,SensorCalibration,Medium,4,BARO_PROBE_EXT,外部气压计探测,Integer,0,0,0,31,,true,ExactMatch,禁用外部气压计探测,AI生成器,2024-12-19 10:03:36,true
00219,设置气压计校准BARO_ALT_OFFSET为0,ParameterSetting,SensorCalibration,Medium,4,BARO_ALT_OFFSET,气压计高度偏移,Float,0,0.5,-127,127,m,true,FloatTolerance,气压计高度校准偏移,AI生成器,2024-12-19 10:03:37,true
00220,验证IMU温度校准TCAL_ENABLED是否为0,ParameterVerify,SensorCalibration,Hard,6,TCAL_ENABLED,温度校准启用,Integer,0,0,0,1,,true,ExactMatch,禁用IMU温度校准,AI生成器,2024-12-19 10:03:38,true
00221,将IMU标记掩码INS_ENABLE_MASK设置为3,ParameterSetting,SensorCalibration,Medium,4,INS_ENABLE_MASK,IMU启用掩码,Integer,3,0,1,127,,true,ExactMatch,启用前两个IMU,AI生成器,2024-12-19 10:03:39,true
00222,设置陀螺仪校准INS_GYR_CAL为1,ParameterSetting,SensorCalibration,Medium,5,INS_GYR_CAL,陀螺仪校准,Integer,1,0,0,3,,true,ExactMatch,启用启动时陀螺仪校准,AI生成器,2024-12-19 10:03:40,true
00223,验证加速度计校准INS_ACCEL_CAL是否为1,ParameterVerify,SensorCalibration,Medium,5,INS_ACCEL_CAL,加速度计校准,Integer,1,0,0,3,,true,ExactMatch,启用启动时加速度计校准,AI生成器,2024-12-19 10:03:41,true
00224,将快速采样INS_FAST_SAMPLE设置为1,ParameterSetting,SensorCalibration,Hard,6,INS_FAST_SAMPLE,快速采样,Integer,1,0,0,1,,true,ExactMatch,启用IMU快速采样,AI生成器,2024-12-19 10:03:42,true
00225,设置IMU位置偏移INS_POS1_X为0,ParameterSetting,SensorCalibration,Medium,4,INS_POS1_X,IMU1位置X,Float,0,0.01,-5,5,m,true,FloatTolerance,IMU1相对重心X轴偏移,AI生成器,2024-12-19 10:03:43,true
00226,验证IMU位置偏移INS_POS1_Y是否为0,ParameterVerify,SensorCalibration,Medium,4,INS_POS1_Y,IMU1位置Y,Float,0,0.01,-5,5,m,true,FloatTolerance,IMU1相对重心Y轴偏移,AI生成器,2024-12-19 10:03:44,true
00227,将IMU位置偏移INS_POS1_Z设置为0,ParameterSetting,SensorCalibration,Medium,4,INS_POS1_Z,IMU1位置Z,Float,0,0.01,-5,5,m,true,FloatTolerance,IMU1相对重心Z轴偏移,AI生成器,2024-12-19 10:03:45,true
00228,设置第二IMU位置INS_POS2_X为0,ParameterSetting,SensorCalibration,Medium,4,INS_POS2_X,IMU2位置X,Float,0,0.01,-5,5,m,true,FloatTolerance,IMU2相对重心X轴偏移,AI生成器,2024-12-19 10:03:46,true
00229,验证第二IMU位置INS_POS2_Y是否为0,ParameterVerify,SensorCalibration,Medium,4,INS_POS2_Y,IMU2位置Y,Float,0,0.01,-5,5,m,true,FloatTolerance,IMU2相对重心Y轴偏移,AI生成器,2024-12-19 10:03:47,true
00230,将第二IMU位置INS_POS2_Z设置为0,ParameterSetting,SensorCalibration,Medium,4,INS_POS2_Z,IMU2位置Z,Float,0,0.01,-5,5,m,true,FloatTolerance,IMU2相对重心Z轴偏移,AI生成器,2024-12-19 10:03:48,true
00231,设置罗盘偏移COMPASS_OFS_X为0,ParameterSetting,SensorCalibration,Medium,5,COMPASS_OFS_X,罗盘1偏移X,Float,0,10,-400,400,,true,FloatTolerance,罗盘1 X轴偏移校准,AI生成器,2024-12-19 10:03:49,true
00232,验证罗盘偏移COMPASS_OFS_Y是否为0,ParameterVerify,SensorCalibration,Medium,5,COMPASS_OFS_Y,罗盘1偏移Y,Float,0,10,-400,400,,true,FloatTolerance,罗盘1 Y轴偏移校准,AI生成器,2024-12-19 10:03:50,true
00233,将罗盘偏移COMPASS_OFS_Z设置为0,ParameterSetting,SensorCalibration,Medium,5,COMPASS_OFS_Z,罗盘1偏移Z,Float,0,10,-400,400,,true,FloatTolerance,罗盘1 Z轴偏移校准,AI生成器,2024-12-19 10:03:51,true
00234,设置罗盘缩放COMPASS_DIA_X为1,ParameterSetting,SensorCalibration,Hard,6,COMPASS_DIA_X,罗盘1对角X,Float,1,0.01,0.8,1.2,,true,FloatTolerance,罗盘1 X轴对角缩放,AI生成器,2024-12-19 10:03:52,true
00235,验证罗盘缩放COMPASS_DIA_Y是否为1,ParameterVerify,SensorCalibration,Hard,6,COMPASS_DIA_Y,罗盘1对角Y,Float,1,0.01,0.8,1.2,,true,FloatTolerance,罗盘1 Y轴对角缩放,AI生成器,2024-12-19 10:03:53,true
00236,将罗盘缩放COMPASS_DIA_Z设置为1,ParameterSetting,SensorCalibration,Hard,6,COMPASS_DIA_Z,罗盘1对角Z,Float,1,0.01,0.8,1.2,,true,FloatTolerance,罗盘1 Z轴对角缩放,AI生成器,2024-12-19 10:03:54,true
00237,设置罗盘非对角COMPASS_ODI_X为0,ParameterSetting,SensorCalibration,Hard,6,COMPASS_ODI_X,罗盘1非对角X,Float,0,0.01,-0.2,0.2,,true,FloatTolerance,罗盘1 X轴非对角校准,AI生成器,2024-12-19 10:03:55,true
00238,验证罗盘非对角COMPASS_ODI_Y是否为0,ParameterVerify,SensorCalibration,Hard,6,COMPASS_ODI_Y,罗盘1非对角Y,Float,0,0.01,-0.2,0.2,,true,FloatTolerance,罗盘1 Y轴非对角校准,AI生成器,2024-12-19 10:03:56,true
00239,将罗盘非对角COMPASS_ODI_Z设置为0,ParameterSetting,SensorCalibration,Hard,6,COMPASS_ODI_Z,罗盘1非对角Z,Float,0,0.01,-0.2,0.2,,true,FloatTolerance,罗盘1 Z轴非对角校准,AI生成器,2024-12-19 10:03:57,true
00240,设置罗盘方向COMPASS_ORIENT为0,ParameterSetting,SensorCalibration,Medium,4,COMPASS_ORIENT,罗盘1方向,Integer,0,0,0,40,,true,ExactMatch,罗盘1安装方向设置,AI生成器,2024-12-19 10:03:58,true
00241,验证罗盘外部COMPASS_EXTERNAL是否为0,ParameterVerify,SensorCalibration,Medium,4,COMPASS_EXTERNAL,罗盘1外部,Integer,0,0,0,1,,true,ExactMatch,罗盘1为内部罗盘,AI生成器,2024-12-19 10:03:59,true
00242,将第二罗盘偏移COMPASS_OFS2_X设置为0,ParameterSetting,SensorCalibration,Medium,5,COMPASS_OFS2_X,罗盘2偏移X,Float,0,10,-400,400,,true,FloatTolerance,罗盘2 X轴偏移校准,AI生成器,2024-12-19 10:04:00,true
00243,设置第二罗盘偏移COMPASS_OFS2_Y为0,ParameterSetting,SensorCalibration,Medium,5,COMPASS_OFS2_Y,罗盘2偏移Y,Float,0,10,-400,400,,true,FloatTolerance,罗盘2 Y轴偏移校准,AI生成器,2024-12-19 10:04:01,true
00244,验证第二罗盘偏移COMPASS_OFS2_Z是否为0,ParameterVerify,SensorCalibration,Medium,5,COMPASS_OFS2_Z,罗盘2偏移Z,Float,0,10,-400,400,,true,FloatTolerance,罗盘2 Z轴偏移校准,AI生成器,2024-12-19 10:04:02,true
00245,将GPS位置偏移GPS_POS1_X设置为0,ParameterSetting,SensorCalibration,Medium,4,GPS_POS1_X,GPS1位置X,Float,0,0.01,-5,5,m,true,FloatTolerance,GPS1相对重心X轴偏移,AI生成器,2024-12-19 10:04:03,true
00246,设置GPS位置偏移GPS_POS1_Y为0,ParameterSetting,SensorCalibration,Medium,4,GPS_POS1_Y,GPS1位置Y,Float,0,0.01,-5,5,m,true,FloatTolerance,GPS1相对重心Y轴偏移,AI生成器,2024-12-19 10:04:04,true
00247,验证GPS位置偏移GPS_POS1_Z是否为0,ParameterVerify,SensorCalibration,Medium,4,GPS_POS1_Z,GPS1位置Z,Float,0,0.01,-5,5,m,true,FloatTolerance,GPS1相对重心Z轴偏移,AI生成器,2024-12-19 10:04:05,true
00248,将第二GPS位置GPS_POS2_X设置为0,ParameterSetting,SensorCalibration,Medium,4,GPS_POS2_X,GPS2位置X,Float,0,0.01,-5,5,m,true,FloatTolerance,GPS2相对重心X轴偏移,AI生成器,2024-12-19 10:04:06,true
00249,设置第二GPS位置GPS_POS2_Y为0,ParameterSetting,SensorCalibration,Medium,4,GPS_POS2_Y,GPS2位置Y,Float,0,0.01,-5,5,m,true,FloatTolerance,GPS2相对重心Y轴偏移,AI生成器,2024-12-19 10:04:07,true
00250,验证第二GPS位置GPS_POS2_Z是否为0,ParameterVerify,SensorCalibration,Medium,4,GPS_POS2_Z,GPS2位置Z,Float,0,0.01,-5,5,m,true,FloatTolerance,GPS2相对重心Z轴偏移,AI生成器,2024-12-19 10:04:08,true
00251,将GPS干扰检测GPS_GNSS_MODE设置为0,ParameterSetting,SensorCalibration,Medium,4,GPS_GNSS_MODE,GNSS模式,Integer,0,0,0,5,,true,ExactMatch,使用默认GNSS模式,AI生成器,2024-12-19 10:04:09,true
00252,设置GPS SBAS模式GPS_SBAS_MODE为2,ParameterSetting,SensorCalibration,Medium,4,GPS_SBAS_MODE,SBAS模式,Integer,2,0,0,6,,true,ExactMatch,启用自动SBAS,AI生成器,2024-12-19 10:04:10,true
00253,验证GPS导航率GPS_NAVFILTER是否为8,ParameterVerify,SensorCalibration,Medium,4,GPS_NAVFILTER,导航滤波器,Integer,8,0,0,25,,true,ExactMatch,导航滤波器设置,AI生成器,2024-12-19 10:04:11,true
00254,将GPS自动配置GPS_AUTO_CONFIG设置为1,ParameterSetting,SensorCalibration,Easy,3,GPS_AUTO_CONFIG,GPS自动配置,Integer,1,0,0,2,,true,ExactMatch,启用GPS自动配置,AI生成器,2024-12-19 10:04:12,true
00255,设置GPS保存配置GPS_SAVE_CFG为2,ParameterSetting,SensorCalibration,Medium,4,GPS_SAVE_CFG,GPS保存配置,Integer,2,0,0,2,,true,ExactMatch,保存GPS配置到RAM和FLASH,AI生成器,2024-12-19 10:04:13,true
00256,验证遥控器超时RC_TIMEOUT是否为1,ParameterVerify,SafetySettings,Easy,3,RC_TIMEOUT,遥控超时,Float,1,0.1,0.5,30,s,true,FloatTolerance,遥控信号超时时间,AI生成器,2024-12-19 10:04:14,true
00257,将遥控器协议RC_PROTOCOLS设置为1,ParameterSetting,BasicParameters,Medium,4,RC_PROTOCOLS,遥控协议,Integer,1,0,0,2048,,true,ExactMatch,启用所有遥控协议,AI生成器,2024-12-19 10:04:15,true
00258,设置接收机RSSI启用RSSI_TYPE为0,ParameterSetting,BasicParameters,Easy,3,RSSI_TYPE,RSSI类型,Integer,0,0,0,5,,true,ExactMatch,禁用RSSI检测,AI生成器,2024-12-19 10:04:16,true
00259,验证RSSI输入引脚RSSI_ANA_PIN是否为0,ParameterVerify,BasicParameters,Easy,3,RSSI_ANA_PIN,RSSI模拟引脚,Integer,0,0,0,15,,true,ExactMatch,禁用模拟RSSI输入,AI生成器,2024-12-19 10:04:17,true
00260,将RSSI通道RSSI_CHANNEL设置为0,ParameterSetting,BasicParameters,Easy,3,RSSI_CHANNEL,RSSI通道,Integer,0,0,0,16,,true,ExactMatch,禁用RSSI通道,AI生成器,2024-12-19 10:04:18,true
00261,设置RSSI最小值RSSI_CHAN_LOW为1000,ParameterSetting,BasicParameters,Medium,4,RSSI_CHAN_LOW,RSSI通道低值,Integer,1000,0,0,2000,,true,ExactMatch,RSSI最小PWM值,AI生成器,2024-12-19 10:04:19,true
00262,验证RSSI最大值RSSI_CHAN_HIGH是否为2000,ParameterVerify,BasicParameters,Medium,4,RSSI_CHAN_HIGH,RSSI通道高值,Integer,2000,0,0,2000,,true,ExactMatch,RSSI最大PWM值,AI生成器,2024-12-19 10:04:20,true
00263,将遥控器映射RC_MAP_ROLL设置为1,ParameterSetting,BasicParameters,Medium,4,RC_MAP_ROLL,横滚通道映射,Integer,1,0,0,16,,true,ExactMatch,横滚控制映射到通道1,AI生成器,2024-12-19 10:04:21,true
00264,设置遥控器映射RC_MAP_PITCH为2,ParameterSetting,BasicParameters,Medium,4,RC_MAP_PITCH,俯仰通道映射,Integer,2,0,0,16,,true,ExactMatch,俯仰控制映射到通道2,AI生成器,2024-12-19 10:04:22,true
00265,验证遥控器映射RC_MAP_THROTTLE是否为3,ParameterVerify,BasicParameters,Medium,4,RC_MAP_THROTTLE,油门通道映射,Integer,3,0,0,16,,true,ExactMatch,油门控制映射到通道3,AI生成器,2024-12-19 10:04:23,true
00266,将遥控器映射RC_MAP_YAW设置为4,ParameterSetting,BasicParameters,Medium,4,RC_MAP_YAW,偏航通道映射,Integer,4,0,0,16,,true,ExactMatch,偏航控制映射到通道4,AI生成器,2024-12-19 10:04:24,true
00267,设置遥控器映射RC_MAP_FLIGHTMODE为5,ParameterSetting,BasicParameters,Medium,4,RC_MAP_FLIGHTMODE,飞行模式通道映射,Integer,5,0,0,16,,true,ExactMatch,飞行模式映射到通道5,AI生成器,2024-12-19 10:04:25,true
00268,验证第5通道最小值RC5_MIN是否为1100,ParameterVerify,BasicParameters,Medium,4,RC5_MIN,RC5最小值,Integer,1100,0,800,1300,μs,true,ExactMatch,通道5的最小脉宽,AI生成器,2024-12-19 10:04:26,true
00269,将第5通道最大值RC5_MAX设置为1900,ParameterSetting,BasicParameters,Medium,4,RC5_MAX,RC5最大值,Integer,1900,0,1700,2200,μs,true,ExactMatch,通道5的最大脉宽,AI生成器,2024-12-19 10:04:27,true
00270,设置第5通道中位RC5_TRIM为1500,ParameterSetting,BasicParameters,Medium,4,RC5_TRIM,RC5中位值,Integer,1500,0,800,2200,μs,true,ExactMatch,通道5的中位脉宽,AI生成器,2024-12-19 10:04:28,true
00271,验证第6通道功能RC6_OPTION是否为0,ParameterVerify,BasicParameters,Easy,3,RC6_OPTION,RC6选项,Integer,0,0,0,300,,true,ExactMatch,通道6无特殊功能,AI生成器,2024-12-19 10:04:29,true
00272,将第7通道功能RC7_OPTION设置为0,ParameterSetting,BasicParameters,Easy,3,RC7_OPTION,RC7选项,Integer,0,0,0,300,,true,ExactMatch,通道7无特殊功能,AI生成器,2024-12-19 10:04:30,true
00273,设置第8通道功能RC8_OPTION为0,ParameterSetting,BasicParameters,Easy,3,RC8_OPTION,RC8选项,Integer,0,0,0,300,,true,ExactMatch,通道8无特殊功能,AI生成器,2024-12-19 10:04:31,true
00274,验证第9通道功能RC9_OPTION是否为0,ParameterVerify,BasicParameters,Easy,3,RC9_OPTION,RC9选项,Integer,0,0,0,300,,true,ExactMatch,通道9无特殊功能,AI生成器,2024-12-19 10:04:32,true
00275,将第10通道功能RC10_OPTION设置为0,ParameterSetting,BasicParameters,Easy,3,RC10_OPTION,RC10选项,Integer,0,0,0,300,,true,ExactMatch,通道10无特殊功能,AI生成器,2024-12-19 10:04:33,true
00276,设置第11通道功能RC11_OPTION为0,ParameterSetting,BasicParameters,Easy,3,RC11_OPTION,RC11选项,Integer,0,0,0,300,,true,ExactMatch,通道11无特殊功能,AI生成器,2024-12-19 10:04:34,true
00277,验证第12通道功能RC12_OPTION是否为0,ParameterVerify,BasicParameters,Easy,3,RC12_OPTION,RC12选项,Integer,0,0,0,300,,true,ExactMatch,通道12无特殊功能,AI生成器,2024-12-19 10:04:35,true
00278,将高度保持ALT_HOLD_RTL设置为1,ParameterSetting,FlightModes,Medium,4,ALT_HOLD_RTL,定高保持RTL,Integer,1,0,0,1,,true,ExactMatch,RTL时使用当前高度,AI生成器,2024-12-19 10:04:36,true
00279,设置自动解锁时间AUTO_DISARM_DELAY为10,ParameterSetting,SafetySettings,Medium,4,DISARM_DELAY,自动上锁延迟,Integer,10,0,0,127,s,true,ExactMatch,着陆后自动上锁时间,AI生成器,2024-12-19 10:04:37,true
00280,验证电池监测电阻BATT_VOLT_MULT是否为10.1,ParameterVerify,SafetySettings,Medium,5,BATT_VOLT_MULT,电池电压倍数,Float,10.1,0.1,0.1,131,V/V,true,FloatTolerance,电池电压测量倍数,AI生成器,2024-12-19 10:04:38,true
00281,将电池电流倍数BATT_AMP_PERVLT设置为17,ParameterSetting,SafetySettings,Medium,5,BATT_AMP_PERVLT,电池电流倍数,Float,17,1,0,400,A/V,true,FloatTolerance,电池电流测量倍数,AI生成器,2024-12-19 10:04:39,true
00282,设置电池电流偏移BATT_AMP_OFFSET为0,ParameterSetting,SafetySettings,Medium,4,BATT_AMP_OFFSET,电池电流偏移,Float,0,0.1,-10,10,A,true,FloatTolerance,电池电流测量偏移,AI生成器,2024-12-19 10:04:40,true
00283,验证电池类型BATT_CHEMISTRY是否为0,ParameterVerify,SafetySettings,Easy,3,BATT_CHEMISTRY,电池化学类型,Integer,0,0,0,4,,true,ExactMatch,未知电池类型,AI生成器,2024-12-19 10:04:41,true
00284,将电池串数BATT_SERIAL_NUM设置为0,ParameterSetting,SafetySettings,Medium,4,BATT_SERIAL_NUM,电池序列号,Integer,0,0,-1,2147483647,,true,ExactMatch,电池序列号设置,AI生成器,2024-12-19 10:04:42,true
00285,设置第二电池监测BATT2_MONITOR为0,ParameterSetting,SafetySettings,Easy,3,BATT2_MONITOR,电池2监测,Integer,0,0,0,20,,true,ExactMatch,禁用第二电池监测,AI生成器,2024-12-19 10:04:43,true
00286,验证第二电池容量BATT2_CAPACITY是否为0,ParameterVerify,SafetySettings,Easy,3,BATT2_CAPACITY,电池2容量,Integer,0,0,0,100000,mAh,true,ExactMatch,第二电池容量未设置,AI生成器,2024-12-19 10:04:44,true
00287,将日志文件数量LOG_FILE_MB_FREE设置为20,ParameterSetting,AdvancedFeatures,Medium,4,LOG_FILE_MB_FREE,日志预留空间,Integer,20,0,0,1000,MB,true,ExactMatch,预留日志存储空间,AI生成器,2024-12-19 10:04:45,true
00288,设置日志禁用掩码LOG_DISARMED为0,ParameterSetting,AdvancedFeatures,Easy,3,LOG_DISARMED,上锁时日志,Integer,0,0,0,1,,true,ExactMatch,上锁时不记录日志,AI生成器,2024-12-19 10:04:46,true
00289,验证日志重播LOG_REPLAY是否为0,ParameterVerify,AdvancedFeatures,Easy,3,LOG_REPLAY,日志重播,Integer,0,0,0,1,,true,ExactMatch,禁用日志重播功能,AI生成器,2024-12-19 10:04:47,true
00290,将日志缓冲区LOG_FILE_BUFSIZE设置为16,ParameterSetting,AdvancedFeatures,Medium,4,LOG_FILE_BUFSIZE,日志缓冲区大小,Integer,16,0,1,64,KB,true,ExactMatch,日志文件缓冲区大小,AI生成器,2024-12-19 10:04:48,true
00291,设置日志最大文件LOG_MAX_FILES为20,ParameterSetting,AdvancedFeatures,Medium,4,LOG_MAX_FILES,最大日志文件数,Integer,20,0,1,10000,,true,ExactMatch,最大保留日志文件数,AI生成器,2024-12-19 10:04:49,true
00292,验证MAC地址NTF_LED_OVERRIDE是否为0,ParameterVerify,BasicParameters,Easy,3,NTF_LED_OVERRIDE,LED覆盖,Integer,0,0,0,255,,true,ExactMatch,不覆盖LED颜色,AI生成器,2024-12-19 10:04:50,true
00293,将蜂鸣器音量NTF_BUZZ_VOLUME设置为100,ParameterSetting,BasicParameters,Easy,3,NTF_BUZZ_VOLUME,蜂鸣器音量,Integer,100,0,0,100,%,true,ExactMatch,蜂鸣器最大音量,AI生成器,2024-12-19 10:04:51,true
00294,设置蜂鸣器引脚NTF_BUZZ_PIN为0,ParameterSetting,BasicParameters,Medium,4,NTF_BUZZ_PIN,蜂鸣器引脚,Integer,0,0,0,255,,true,ExactMatch,使用默认蜂鸣器引脚,AI生成器,2024-12-19 10:04:52,true
00295,验证LED亮度NTF_LED_BRIGHT是否为3,ParameterVerify,BasicParameters,Easy,3,NTF_LED_BRIGHT,LED亮度,Integer,3,0,0,3,,true,ExactMatch,LED亮度设置为高,AI生成器,2024-12-19 10:04:53,true
00296,将显示类型NTF_OREO_THEME设置为0,ParameterSetting,BasicParameters,Easy,3,NTF_OREO_THEME,LED主题,Integer,0,0,0,3,,true,ExactMatch,标准LED主题,AI生成器,2024-12-19 10:04:54,true
00297,设置遥测速率SR0_PARAMS为10,ParameterSetting,AdvancedFeatures,Medium,4,SR0_PARAMS,USB参数流,Integer,10,0,0,50,Hz,true,ExactMatch,USB端口参数信息频率,AI生成器,2024-12-19 10:04:55,true
00298,验证遥测速率SR1_PARAMS是否为10,ParameterVerify,AdvancedFeatures,Medium,4,SR1_PARAMS,TELEM1参数流,Integer,10,0,0,50,Hz,true,ExactMatch,TELEM1端口参数信息频率,AI生成器,2024-12-19 10:04:56,true
00299,将第二遥测速率SR2_EXTRA1设置为1,ParameterSetting,AdvancedFeatures,Medium,4,SR2_EXTRA1,TELEM2数据流1,Integer,1,0,0,50,Hz,true,ExactMatch,TELEM2端口扩展数据流频率,AI生成器,2024-12-19 10:04:57,true
00300,设置第二遥测速率SR2_EXTRA2为1,ParameterSetting,AdvancedFeatures,Medium,4,SR2_EXTRA2,TELEM2数据流2,Integer,1,0,0,50,Hz,true,ExactMatch,TELEM2端口扩展数据流2频率,AI生成器,2024-12-19 10:04:58,true
00301,验证第二遥测速率SR2_EXTRA3是否为