,认定点代码,题型代码,题号,试题（题干）,试题（选项A）,试题（选项B）,试题（选项C）,试题（选项D）,试题（选项E）,【图】及位置,正确答案,难度代码,一致性代码,解析
,A-A-A-001,B（单选题）,,社会主义职业道德的基石和最高境界是（ ）。,奉献社会,服务群众 ,诚实守信,爱岗敬业,,,A,,5（好）,
,A-A-A-001,B（单选题）,,不属于职业道德行为评价方式的是（ ）。,社会舆论,职业习俗 ,内心信念,群体评议,,,D,,5（好）,
,A-A-A-001,B（单选题）,,职业道德评价标准中，不属于职业道德基本要求的是（ ）。,爱岗敬业,诚实守信,追求利益最大化, 办事公道,,,C,,5（好）,
,A-A-A-001,B（单选题）,,在无人机装调检修工作中，不符合职业道德要求的行为是（）。,严格按照操作规范进行检修,为了赶进度，跳过部分非关键检测环节,主动学习新技术，提升自身业务能力,对客户反馈的问题及时响应并解决,,,B,,5（好）,
,A-A-A-001,B（单选题）,,职业道德的评价标准不包括（）。,诚信和正直,专业能力和持续学习,公正和公平对人,个人利益最大,,,D,,5（好）,
,A-A-A-001,B（单选题）,,在无人机装调检修工作中，不符合职业道德要求的行为是（）。,严格按照操作规范进行检修,为了赶进度，跳过部分非关键检测环节,主动学习新技术，提升自身业务能力,对客户反馈的问题及时响应并解决,,,B,,5（好）,
,A-A-A-002,B（单选题）,,作为无人机检修工，在完成飞行器修理任务时，如果发现设备出现了严重的安全隐患，而客户要求按照原计划交付设备，这时最合适的做法是（ ）。,向客户隐瞒问题，按时交付设备，确保公司不受经济损失,向客户详细说明隐患，并提出暂停交付，建议重新评估并进行修复 ,仅向客户简要通报隐患，给出一个表面上的解决方案，继续执行交付,向客户提出加速修理进度，在保证安全的情况下尽快完成任务,,,C,,5（好）,
,A-A-A-002,B（单选题）,,职业道德的社会功能主要体现在（ ）。,提高个人收入,促进社会和谐与行业发展,增强企业竞争力,提升个人技能水平,,,B,,5（好）,
,A-A-A-002,B（单选题）,,职业道德的社会功能不包括（）。,促进社会和谐,提升行业形象,增加个人财富,规范职业行为,,,C,,5（好）,
,A-A-A-002,B（单选题）,,作为无人机检修工，在完成飞行器修理任务时，如果发现设备出现了严重的安全隐患，而客户要求按照原计划交付设备，这时最合适的做法是（）。,向客户隐瞒问题，按时交付设备，确保公司不受经济损失,向客户详细说明隐患，并提出暂停交付，建议重新评估并进行修复,仅向客户简要通报隐患，给出一个表面上的解决方案，继续执行交付,向客户提出加速修理进度，在保证安全的情况下尽快完成任务,,,B,,5（好）,
,A-A-B-001,C（判断题）,,精益求精要求在工作中持续改进工艺，注重每一个环节的质量提升（ ）。,正确,错误,,,,,A,,5（好）,
,A-A-B-001,G（多选题）,,精益求精的具体要求包括以下（）方面。,追求质量，不放过任何细节，力求产品或服务达到最高标准,不断学习新知识、新技能，提升自身专业素养，以更好地实现精益求精,满足于现有水平，只要能完成任务即可，无需过度追求完美,对工作流程进行持续优化，去除繁琐和不必要的环节，提高效率与质量,注重团队协作，成员间相互学习、监督，共同朝着精益求精的目标前进,,ABDE,,5（好）,
,A-A-B-001,B（单选题）,,“精益求精”在无人机装调检修工作中具体体现为（）。,仅满足最低标准即可,持续优化维修工艺，追求更高的质量标准,只关注结果，不注重过程,避免任何技术更新,,,B,,5（好）,
,A-A-B-001,B（单选题）,,精益求精在无人机装调检修工作中的具体要求不包括（）。,不断优化检修流程,提高检修精度和质量,降低对新技术的学习要求,严格把控每一个细节,,,C,,5（好）,
序号,A-A-B-002,C（判断题）,,无人机行业中，探索创新要求从业者要敢于突破传统思维，勇于尝试新方法（）。,正确,错误,,,,,A,,5（好）,
,A-A-B-002,G（多选题）,,探索创新的具体要求包括（）。,勇于尝试新技术和新方法,仅关注传统技术的应用, 不断提升技术水平和创新能力,积极参与行业标准的制定,避免与同行交流和合作,,ACD,,5（好）,
,A-A-B-002,B（单选题）,,探索创新的具体要求中，关键要素是（）。,严格遵循传统方法,鼓励尝试新技术和新方法, 避免任何风险,仅关注现有技术,,,B,,5（好）,
,A-A-B-002,G（多选题）,,探索创新在无人机装调检修工作中具体要求包括（）。,持续关注新技术发展，尝试将其应用于实际工作,仅依赖传统方法，避免尝试新技术,在检修工艺中引入创新工具或方法,与行业专家合作，共同解决技术难题,忽视行业标准，自行探索方法,,ACD,,5（好）,
,A-A-B-002,B（单选题）,,探索创新在无人机装调检修工作中的具体要求不包括（）。,持续学习新技术,勇于尝试新方法,固守传统，拒绝改变,积极参与技术研讨,,,C,,5（好）,
,A-A-B-003,C（判断题）,,执行工艺的具体要求是确保无人机装调检修工作质量的重要保障，必须严格按照工艺流程操作（）。,正确,错误,,,,,A,,5（好）,
,A-A-B-003,G（多选题）,,执行工艺的具体要求包括（）。,严格按照工艺文件操作,确保设备和工具的正确使用,定期进行工艺流程的优化,保证工艺过程的可追溯性, 忽视工艺文件中的细节,,ABCD,,5（好）,
,A-A-B-003,C（判断题）,,在执行无人机装调检修工艺时，严格遵守工艺要求是确保设备性能和安全的关键。（）,正确,错误,,,,,A,,5（好）,
,A-A-B-003,G（多选题）,,执行工艺的具体要求包括( )。,严格按照工艺文件和技术规范进行操作,确保工具和设备的精度与适用性,在操作过程中做好质量记录和追溯,对工艺流程进行优化以提高效率,仅凭经验操作，无需参考工艺文件,,ABCD,,5（好）,
,A-A-B-003,B（单选题）,,在执行检修工艺时，需要遵循严格的技术标准和操作规范。因此（）。,在进行电池更换时，可忽略电池的充电状态，只要检查电池外观无明显损伤即可,对于机体的每个部件，在检修时必须使用与原始设备相同型号的备件,可以使用任何品牌的润滑油进行马达的润滑，只要能减少摩擦,无人机检修工在处理机载系统时，可以跳过对固件版本的检查,,,B,,5（好）,
,A-A-B-004,C（判断题）,,团队协作在无人机装调检修工作中非常重要，良好的沟通和分工可以提高工作效率和质量（）。,正确,错误,,,,,A,,5（好）,
,A-A-B-004,C（判断题）,,团队协作在无人机装调检修工作中是可有可无的，个人能力才是关键。（）,正确,错误,,,,,B,,5（好）,
,A-A-B-004,G（多选题）,,为了实现严于律己的工作态度，提高工作质量和确保安全操作，要做到（）。,始终依照设备手册执行检查，确保所有操作步骤不被忽略,进行设备检修时，不按顺序执行操作，依据经验灵活调整步骤,进行复杂系统检查时，主动对操作步骤进行详细记录，确保操作可追溯,当工作中遇到困难时，独立解决，不与团队成员讨论，避免浪费时间,定期进行自我反省和回顾，对每次检修中的失误进行分析并采取改进措施,,ACE,,5（好）,
,A-A-B-004,B（单选题）,,在团队中，面对多个同时进行的修理任务，如果某个成员提出一个未经过充分讨论的解决方案，且该方案需要牺牲某些检修质量来提高效率，团队领导应该采取的做法是（）。,直接接受该成员的方案，并优先执行，以便按时完成任务,召集团队讨论，评估该方案可能带来的质量风险与后果，寻找合适的替代方案高效沟通,向成员发出警告，要求其停止提出不合适的解决方案，并独自决定方案,忽略团队成员的建议，依靠自己的判断独立做出决策，不告知团队,,,B,,5（好）,
,A-A-B-005,G（多选题）,,关于爱岗敬业的具体要求，正确的选项有（）。,严格遵守工作纪律和操作规范,主动学习新技术，提升自身业务能力,为了赶进度，可以跳过部分非关键检测环节,对客户反馈的问题及时响应并解决,工作中可以忽视团队合作，独立完成任务,,ABD,,5（好）,
,A-A-B-005,C（判断题）,,（）严于律己的行为规范要求无人机检修工在面对操作错误时，必须立刻向上级汇报，并主动停工，以确保无人机的检修安全不受影响（）。,正确,错误,,,,,A,,5（好）,
,A-A-B-005,G（多选题）,,对于无人机检修工而言，执行严格的职业道德要求时，应重点遵循（）。,始终保持个人的责任心，对每一项任务的完成质量负责,可以依据个人经验轻微调整维修操作，忽视部分标准流程,严格遵守工作期间的操作流程和安全规定,在检修任务中随意依赖同事的工作成果，不需要验证,在维修中，适当忽视设备的细节问题，集中解决主要故障,,AC,,5（好）,
,A-A-B-005,B（单选题）,,精益求精在无人机装调检修工作中的具体要求不包括（）。,不断优化检修流程,提高检修精度和质量,降低对新技术的学习要求,严格把控每一个细节,,,C,,5（好）,
,A-A-B-006,B（单选题）,,在无人机生产车间中，不符合文明生产具体要求的行为是（）。,工具和物料摆放整齐，标识清晰,操作人员佩戴安全帽和防护手套,生产过程中随意丢弃废弃物料,定期清理工作区域，保持环境整洁,,,C,,5（好）,
,A-A-B-006,C（判断题）,,（）在无人机检修工作中，文明生产要求中包含的“安全生产第一”的原则，应当优先于检修过程中所有技术性要求的实施（）。,正确,错误,,,,,A,,5（好）,
,A-A-B-006,G（多选题）,,以下关于文明生产的具体要求的选项中，正确的有（ ）。,生产现场应保持整洁，工具和物料摆放有序,操作人员需佩戴必要的防护装备，如安全帽、手套等,生产过程中应尽量减少噪音和粉尘污染,废弃物料应分类存放，并及时清理,生产设备无需定期维护，只需在故障时修理,,ABCD,,5（好）,
,A-A-B-007,B（单选题）,,爱岗敬业在实际工作中的具体表现不包括以下（）行为。,对工作充满热情,定期进行技能提升,忽视安全规程，追求效率,不断学习新技术，适应行业发展,,,C,,5（好）,
,A-A-B-007,C（判断题）,,爱岗敬业的具体要求包括遵守职业道德、提高工作效率和积极参与团队合作。（ ）,正确,错误,,, ,,A,,5（好）,
,A-A-B-008,C（判断题）,,无人机行业的具体要求包括严格遵守航空法规、确保飞行安全和保护用户隐私（ ）。,正确,错误,,,,,A,,5（好）,
,A-A-B-008,G（多选题）,,无人机行业的具体要求包括（ ）。,操作人员需具备扎实的机械原理知识,严格遵守相关空域管理规定,产品设计应追求极致的轻量化，可牺牲部分稳定性,维护保养需按照固定的时间间隔进行，无需考虑实际使用情况,不断提升飞行控制系统的智能化水平,,ABE,,5（好）,
,A-A-B-008,B（单选题）,,无人机行业对于飞行场地的具体要求，以下说法正确的是（ ）。,要远离人口密集区域，保证安全,场地面积越小越好，便于操作,不需要考虑周边的气候条件,可以随意选择在禁飞区域内,,,A,,5（好）,
,A-B-A-001,B（单选题）,,无人机系统基础知识中，无人机的核心组成部分是（ ）。,电池,飞行控制系统,机架, 电机,,,B,,5（好）,
,A-B-A-001,B（单选题）,,无人机系统的组成不包括（）。,机身结构,飞行控制系统,动力系统,燃料加注设备,,,D,,5（好）,
,A-B-A-002,B（单选题）,,无人机操控基础知识中，飞行前必须检查的内容是（）。,无人机的颜色,无人机的音乐播放功能,电池电量和飞行模式,无人机的外观设计,,,C,,5（好）,
,A-B-A-003,B（单选题）,,在高海拔地区进行无人机飞行时，最可能导致飞行性能的显著下降的是（）。,低气压导致螺旋桨效率降低,空气温度过高使得电池放电效率提升,高湿度导致机载传感器的工作温度升高,风速增加使得GPS信号接收不稳定,,,A,,5（好）,
,A-B-A-004,B（单选题）,,不是无人机产生升力的主要因素有（）。, 旋翼叶片的旋转速度,旋翼叶片的形状和角度（攻角）,空气密度,无人机的型号,,,D,,5（好）,
,A-B-A-005,B（单选题）,,在无人机的电气安装过程中，以下对确保电气系统正常运行最为重要的是（ ）。,电池连接的防护措施,电气线路的合理布局,电气系统的故障诊断功能,电气系统的无线通信模块安装,,,B,,5（好）,
,A-B-A-006,B（单选题）,,在无人机导航系统中，主要用于精确定位的技术是（ ）。,气压计高度测量,全球定位系统（GPS）,惯性测量单元（IMU）,超声波传感器,,,B,,5（好）,
,A-B-A-007,B（单选题）,,在无人机测试飞行中，安全防护不包括（ ）。,佩戴安全帽,检查无人机电池电量,确保飞行场地周围无障碍物,随意在禁飞区进行飞行测试,,,D,,5（好）,
,A-B-A-008,B（单选题）,,在无人机故障检测中，关于传感器故障检测，以下正确的是（ ）。,利用专业检测设备读取传感器数据判断,只要无人机能起飞，就不用检测传感器,直接更换所有传感器来排查故障,仅通过观察外观就能确定传感器是否故障,,,A,,5（好）,
,A-B-A-009,B（单选题）,,无人机故障维修的基础知识中，首要步骤是（ ）。,更换所有可疑部件,重启无人机,检查故障代码,检查电源系统,,,C,,5（好）,
,A-B-B-001,C（判断题）,,在机械识图中，粗实线通常用于表示可见轮廓线。（ ）。,正确,错误,,,,,A,,5（好）,
,A-B-B-001,C（判断题）,,机械识图中，三视图包括主视图、俯视图和左视图，用于全面展示无人机的结构和尺寸。（ ）。,正确,错误,,,,,A,,5（好）,
,A-B-B-002,C（判断题）,,机械技术基础知识对于无人机装调检修工来说是可有可无的，实际操作经验更为重要。（ ）。,正确,错误,,,,,B,,5（好）,
,A-B-B-002,C（判断题）,,机械技术基础知识对于无人机装调检修工来说非常重要，因为它直接关系到设备的维护和故障排除。（ ）,正确,错误,,,,,A,,5（好）,
,A-B-B-003,C（判断题）,,材料基础知识对于无人机装调检修工来说并不重要，实际操作经验更为关键。（ ）。,正确,错误,,,,,B,,5（好）,
,A-B-B-003,C（判断题）,,（）钛合金作为无人机机体的主要材料之一，其抗腐蚀性和强度远超过常见的铝合金，因此在所有环境条件下，钛合金都是最佳选择。,正确,错误,,,,,B,,5（好）,
,A-B-B-004,C（判断题）,,（）无人机的机械结构设计中，蜂窝结构的机身设计能够有效提升抗冲击能力，因此在大多数无人机的机身中都会广泛使用这种设计。,正确,错误,,,,,B,,5（好）,
,A-B-B-005,C（判断题）,,在无人机机械装配过程中，游标卡尺和千分尺是常用的测量工具，用于精确测量零部件的尺寸。（ ）,正确,错误,,,,,A,,5（好）,
,A-B-B-006,C（判断题）,,在无人机机械装配过程中，使用扭矩扳手可以确保螺丝紧固力度符合设计要求（ ）。,正确,错误,,,,,A,,5（好）,
,A-B-B-007,C（判断题）,,无人机机械装配时，工具的定期维护保养对于保障装配安全十分重要（ ）。,正确,错误,,,,,A,,5（好）,
,A-B-C-001,B（单选题）,,电子电路基础知识中，关于电路的基本组成，以下说法准确的是（ ）。,电路仅由电源和负载组成,电路包括电源、负载和中间环节,电路不需要闭合回路,电路中的电流只能由正极流向负极,,,C,,5（好）,
,A-B-C-001,B（单选题）,,在电子电路中，主要用于整流的原件是（）。,电阻,电容,二极管,三极管,,,C,,5（好）,
,A-B-C-002,B（单选题）,,电气识图中，用于表示交流电源的符号是（ ）。,AC,DC,GND,VCC,,,A,,5（好）,
,A-B-C-002,B（单选题）,,电气识图知识中，代表电阻的符号是 （）。,R,C,L,V,,,A,,5（好）,
,A-B-C-003,B（单选题）,,传感器基础知识中，用于测量无人机飞行姿态的传感器是,温度传感器,气压传感器,陀螺仪,光流传感器,,,C,,5（好）,
,A-B-C-003,B（单选题）,,无人机在执行飞行任务时，对惯性测量单元（IMU）传感器的误差影响最大的是（）。,传感器的温度漂移和温度变化,重力加速度的变化,地球磁场的变化,电池电压的波动,,,A,,5（好）,
,A-B-C-004,B（单选题）,,无人机电气安装中，必不可少的工具是（ ）。,电钻,螺丝刀,万用表,剪刀,,,C,,5（好）,
,A-B-C-004,B（单选题）,,在无人机电气安装过程中，用于测量电路中电流大小的仪器是（）。,万用表,兆欧表,钳形表,示波器,,,C,,5（好）,
,A-B-C-005,B（单选题）,,无人机调试软件操作过程中，遇到以下情况时，最需要首先进行硬件检查（ ）。,无人机飞行速度不稳定,飞行控制器不响应输入指令,遥控器信号丢失,电池电量显示正常但飞行时间异常,,,B,,5（好）,
,A-B-C-006,B（单选题）,,在无人机电气安装过程中，可以有效防止电气火灾的措施是（）。,使用非阻燃材料包裹电线,增加电源线长度以分散电流,安装过载保护装置和保险丝,将电源线与信号线平行布线,,,C,,5（好）,
,A-B-D-001,B（单选题）,,计算机终端设备中，以下不是常见的输入设备（）。,键盘,鼠标,显示器,扫描仪,,,C,,5（好）,
,A-B-D-001,B（单选题）,,计算机终端设备中，无人机操作中常用的设备是（）。, 打印机, 扫描仪, 遥控器,显示器,,,C,,5（好）,
,A-B-D-001,B（单选题）,,计算机终端设备中，负责处理数据的核心部件是（）。,显示器,键盘,中央处理器（CPU）,鼠标,,,C,,5（好）,
,A-B-D-001,B（单选题）,,某型号无人机使用的是基于实时操作系统（RTOS）的控制系统。在RTOS环境下，最能保障系统的及时响应的特性是（）。,支持多线程并发处理，允许同时处理多个任务,支持任务优先级的动态调整，保证高优先级任务的实时执行,采用虚拟化技术隔离任务，以减少任务间的干扰,使用大容量内存，以确保数据可以长时间存储并随时调取,,,B,,5（好）,
,A-B-D-002,B（单选题）,,无人机调试软件操作时，为了准确设置飞行参数，需要（）。,参考软件操作手册和无人机技术文档,随意设置参数，看无人机飞行效果,模仿他人的参数设置，不考虑自身机型,只设置部分关键参数，忽略其他参数,,,B,,5（好）,
,A-B-D-002,B（单选题）,,无人机调试软件操作基础知识中，调试前必须完成的步骤是（）。,安装游戏软件,连接无人机与电脑,播放音乐,拍照留念,,,B,,5（好）,
,A-B-D-002,B（单选题）,,太阳能动力系统在无人机中的主要作用是（ ）。,提供飞行器的动力源,提供飞行器的电池充电,为飞行器的电气系统提供备用电源,调节飞行器的飞行高度,,,B,,5（好）,
,A-B-D-003,B（单选题）,,在使用电子表格软件进行数据分析时，可以快速计算一列数据平均值的操作是,使用“SUM”函数,使用“AVERAGE”函数,使用“COUNT”函数,使用“MAX”函数,,,B,,5（好）,
,A-B-D-003,B（单选题）,,空中回收系统主要组成部分是（）。,阻拦网,捕获装置、回收绳索和缓冲装置,弹射装置,机翼和尾翼,,,B,,5（好）,
,A-B-D-003,B（单选题）,,在使用Excel进行维修数据分析时，最合适去使用Excel的3D引用功能的情景是（）。,"当需要在同一工作表的不同单元格之间进行平均计算时	",当需要跨多个工作簿中的相同单元格范围进行数据汇总时,"当需要对多个不同工作表中相同位置的数据进行计算时	",当需要对某个数据表中的部分数据进行条件筛选时,,,C,,5（好）,
,A-B-E-001,C（判断题）,,根据《中华人民共和国劳动法》和《中华人民共和国劳动合同法》，劳动者有权拒绝执行存在安全隐患的劳动任务。（）,正确,错误,,,,,A,,5（好）,
,A-B-E-002,C（判断题）,,根据《中华人民共和国安全生产法》，无人机装调检修工在工作中必须严格遵守安全生产规定，以防止事故发生。（）,正确,错误,,,,,A,,5（好）,
,A-B-E-003,C（判断题）,,根据《中华人民共和国安全生产法》，无人机检修单位在进行高风险作业时，可以在没有安全生产许可证的情况下进行操作，但需在作业前进行风险评估。,正确,错误,,,,,B,,5（好）,
,A-B-E-004,C（判断题）,,（）根据《中华人民共和国环境保护法》，在无人机进行检修时，如果产生废油、废气等污染物，必须按照国家环境保护相关法规对其进行妥善处理，否则可能构成违法行为。,正确,错误,,,,,A,,5（好）,
,A-B-E-005,C（判断题）,,《中华人民共和国民用航空法》规定，无人机飞行无需向空管部门报备，只需遵守飞行高度限制即可。（ ）,正确,错误,,,,,B,,5（好）,
,A-B-E-006,C（判断题）,,根据《通用航空飞行管制条例》，无人机飞行无需向空管部门报备，只需遵守飞行高度限制即可。,正确,错误,,,,,B,,5（好）,
,A-B-E-007,C（判断题）,,《民用航空安全管理规定》中明确规定了无人机在特定空域飞行需要提前申请。,正确,错误,,,,,A,,5（好）,
,A-B-E-008,C（判断题）,,《民用无人机驾驶员管理规定》中，操控轻型无人机在管制空域内飞行，不需要申请飞行计划。,正确,错误,,,,,B,,5（好）,
,A-B-E-009,C（判断题）,,根据《轻小无人机运行规定（试行）》，无人机操作人员必须经过专业培训并取得相应资质后才能进行飞行作业。,正确,错误,,,,,A,,5（好）,
,A-B-E-010,C（判断题）,,根据《民用无人驾驶航空器实名制登记管理规定》，所有民用无人机在使用前必须完成实名制登记。,正确,错误,,,,,A,,5（好）,
,B-A-A-001,G（多选题）,,太阳能等新能源动力系统的特点包括（）。,环保且可再生，适合长期任务,能量来源不稳定，受天气影响大,初始投资成本较高,运行维护简单,需要较大的表面积用于能量收集,,ABCE,,5（好）,
,B-A-A-002,G（多选题）,,在无人机行业中，太阳能等新能源动力系统应用场景有（）。,高海拔地区的长航时无人机监测任务,城市内短距离快递配送无人机,深海无人潜水器的动力补充,极地环境的科研无人机项目,大型农业植保无人机在阳光充足地区的作业,,ABDE,,5（好）,
,B-A-A-002,G（多选题）,,太阳能等新能源动力系统在无人机中的应用场景包括（）。,长时间的环境监测任务,高海拔地区的侦察任务,太阳能充电的混合动力系统用于延长续航,作为地面充电站的补充能源,仅用于小型无人机的短距离飞行,,ABCD,,5（好）,
,B-A-A-003,G（多选题）,,太阳能等新能源动力系统通常由以下（ ）部分组成。,太阳能电池板,储能电池,传动链条,控制器,转换电路,,ABDE,,5（好）,
,B-A-A-004,G（多选题）,,电动、油动、太阳能及其他新能源混合动力系统的差异是（）。,动力来源不同,续航能力不同,维护成本不同,环境影响不同,飞行速度不同,,ABCD,,5（好）,
,B-A-A-005,G（多选题）,,电动、油动、太阳能及其他新能源混合动力系统的选型方法包括（）。,根据任务需求选择动力类型,考虑续航能力和负载能力,评估系统的可靠性和安全性,分析成本和维护难度, 忽略环境适应性,,ABCD,,5（好）,
,B-A-B-001,B（单选题）,,空中发射系统的主要组成部分不包括（）。,发射平台,发射控制系统,发射轨道,发射动力系统,,,C,,5（好）,
,B-A-B-002,G（多选题）,,空中发射系统的工作原理包括（）。,通过地面设备提供初始动力,利用弹射装置将无人机发射到空中,无人机在空中自动展开机翼或旋翼,飞行控制系统接管并引导无人机进入预定航线,仅依靠无人机自身动力起飞,,ABCD,,5（好）,
,B-A-B-002,B（单选题）,,空中发射系统工作原理中，关键因素是（）。,发射平台的外观,发射角度和推力,发射平台的音乐播放功能,发射平台的颜色,,,B,,5（好）,
,B-A-B-003,D（简答题）,,请简述无人机空中发射系统的配型原则，并说明这些原则在实际应用中的重要性。,,,,,,,"无人机空中发射系统的配型原则主要包括兼容性、安全性和适应性三个方面。首先，兼容性原则要求无人机与发射系统在接口、通信协议和电源供应等方面完全匹配，以确保系统的正常运行。其次，安全性原则强调发射系统必须保证在发射过程中不会对无人机、载机及周围环境造成任何危害。最后，适应性原则要求发射系统能够适应不同型号的无人机和多样化的任务需求，具备一定的通用性和灵活性。这些原则在实际应用中至关重要，能够有效提升无人机发射的成功率和任务执行效率。
",,5（好）,"得分要点：
答出兼容性原则并简要解释，得1分；
答出安全性原则并简要解释，得2分；
答出适应性原则并简要解释，得2分。"
,B-A-B-003,G（多选题）,,空中发射系统的配型原则包括（）。,发射系统的载荷能力需满足无人机重量要求,发射方式需与无人机的设计和任务需求相匹配,发射系统的可靠性需符合安全标准,发射系统的成本需在预算范围内,发射系统的尺寸需适应无人机的尺寸和形状,,ABCDE,,5（好）,
,B-A-B-003,B（单选题）,,在空中发射系统设计时，选择合适的配型方案是确保系统性能和安全性的关键。若需要为一个无人机系统选择一个配型方案，对系统性能和稳定性起到决定性作用的因素有（）。(B-A-B-003),发射平台的机动性和灵活性,发射角度与飞行路线的匹配,系统的地面支援人员数量,发射系统与载荷之间的质量比,,,B,,5（好）,
,B-A-B-004,D（简答题）,,请简述空中发射系统配型方法的主要内容，并说明这些方法在实际应用中的重要性。,,,,,,,空中发射系统配型方法主要包括任务需求分析、系统兼容性设计以及性能匹配与优化三个方面。首先，任务需求分析是配型的基础，需要根据发射任务的目标、环境和载荷要求，明确发射系统的功能需求和技术指标。其次，系统兼容性设计是确保发射系统与载机、载荷之间的接口、通信协议、动力系统等兼容，保证系统整体协调运行的关键。最后，性能匹配与优化通过仿真和测试，优化发射系统的性能参数，使其与载机和载荷的性能相匹配，提高发射成功率。这些方法在实际应用中具有重要意义，能够确保发射系统的可靠性和任务执行效率。,,5（好）,"得分要点：
答出任务需求分析并简要解释，得2分；
答出系统兼容性设计并简要解释，得2分；
答出性能匹配与优化并简要解释，得1分。"
,B-A-B-004,G（多选题）,,在天钩回收系统的构成中，确保回收过程的精准和效率所必需的组成部分有（）。,高精度激光测距仪,环境传感器模块,自动飞行控制算法,实时视频监控系统,电动伺服驱动回收钩,,ACDE,,5（好）,
,B-A-B-004,B（单选题）,,在进行无人机检修作业时，工作环境的安全防护至关重要。为了减少因噪音引起的听力损伤，适合维修人员的个人防护装备是（）。,"防护耳罩	",透气工作服,透气工作服,高亮反光衣,,,A,,5（好）,
,B-A-B-005,D（简答题）,,论述太阳能动力系统在无人机中的应用原理，并探讨其在长时间飞行及能效管理方面的优缺点。,,,,,,,"天钩回收系统：通过空中拦截与连接。
工作原理：天钩（或吊钩）用于接触并抓取无人机上方的回收线，利用钩合来进行机载设备的自动回收。
回收过程：自动触发释放装置，依赖预设轨迹与自动导航。
关键技术要点：精确定位、自动化控制、抗风性、钩合精度。",,5（好）,少一点扣1分，答满拿5分。
,B-A-B-005,G（多选题）,,在选择用于无人机检修作业的输送带时，考虑到设备在工作过程中可能遇到的高负荷、恶劣环境和长时间运行的条件，是决定输送带选择的关键技术参数有（）。,抗拉强度应足以承受无人机组件的重量和外力冲击,表面摩擦系数越高越有利，能够提高无人机零部件运输的稳定性,耐温性能应高于常规操作温度，考虑到高温作业环境 ,宽度应匹配无人机各部件的尺寸，确保运输过程中的紧凑性,耐腐蚀性应考虑可能遇到的化学物质对材料的影响，如清洁剂、润滑油等,,ACDE,,5（好）,
,B-A-B-005,B（单选题）,,天钩回收系统中，最常用于确保回收过程平稳和安全的技术是（ ）。,激光定位系统,无线通信导航系统,风速传感器与自动化控制系统,紧急刹车系统,,,C,,5（好）,
,B-A-B-006,B（单选题）,,天钩回收系统中，主要用于确保无人机平稳降落的技术是（）。,激光定位系统,缓冲网和阻尼装置,电磁铁吸附系统,液压升降装置,,,C,,5（好）,
,B-A-B-006,D（简答题）,,简述天钩回收系统的工作原理，并阐述其在无人机回收中的应用关键技术要点。,,,,,,,"主要组成：天钩、回收绳索、感应装置、制动系统
回收过程：降低飞行器速度、自动接钩、机体稳定
作用：确保飞行器安全着陆、避免设备损伤",,5（好）,少一点扣1分，答满拿5分。
,B-A-B-006,G（多选题）,,以下关于天钩回收系统工作原理的选项中，正确的有（）。,通过机械臂捕获无人机并固定,利用电磁铁吸附无人机实现回收,使用回收网拦截无人机并缓冲降落,通过液压装置将无人机拉回载机,利用气动装置将无人机推入回收舱,,CD,,5（好）,
,B-A-B-007,G（多选题）,,关于天钩回收系统配型原则，正确的选项有（）。,根据任务需求选择适合的回收系统类型和规格,回收系统与无人机、载机的兼容性无需特别考虑,回收系统需具备高安全性和可靠性,回收系统的性能参数无需与无人机匹配,回收系统的设计应优先考虑成本，而非性能,,AC,,5（好）,
,B-A-B-007,B（单选题）,,天钩回收系统配型时，不需要考虑的因素是（）。,回收目标的重量,天气状况,回收系统的成本,回收场地的颜色 ,,,D,,5（好）,
,B-A-B-007,D（简答题）,,请简述天钩回收系统配型原则的主要内容，并说明这些原则在实际应用中的重要性。,,,,,,,天钩回收系统配型原则主要包括任务需求匹配、系统兼容性以及安全性与可靠性三个方面。首先，任务需求匹配是配型的基础，需根据回收任务的目标、环境和载荷要求，选择适合的回收系统类型和规格。其次，系统兼容性确保回收系统与无人机、载机及其他相关设备的接口、通信协议和动力系统兼容，保证系统整体协调运行。最后，安全性与可靠性是回收系统的核心要求，需确保在复杂环境下能够稳定运行，避免事故发生。这些原则在实际应用中具有重要意义，能够确保回收任务的成功率和安全性。,,5（好）,"答出任务需求匹配并简要解释，得2分；
答出系统兼容性并简要解释，得2分；
答出安全性与可靠性并简要解释，得1分。"
,B-A-B-008,D（简答题）,,请简述天钩回收系统配型方法的主要内容，并说明这些方法在实际应用中的重要性。,,,,,,,天钩回收系统配型方法主要包括任务需求分析、系统兼容性设计以及性能匹配与优化三个方面。首先，任务需求分析是配型的基础，需要根据回收任务的目标、环境和载荷要求，明确回收系统的功能需求和技术指标。其次，系统兼容性设计确保回收系统与载机、载荷之间的接口、通信协议、动力系统等兼容，保证系统整体协调运行。最后，性能匹配与优化通过仿真和测试，优化回收系统的性能参数，使其与载机和载荷的性能相匹配，提高回收成功率。这些方法在实际应用中具有重要意义，能够确保回收系统的可靠性和任务执行效率。,,5（好）,答出任务需求分析并简要解释，得2分；答出系统兼容性设计并简要解释，得2分；答出性能匹配与优化并简要解释，得1分。
,B-A-B-008,G（多选题）,,天钩回收系统配型方法涉及有（）。,根据回收无人机的尺寸和重量选择合适的天钩型号,依据不同的气象条件配置相应的防护装置,按照操作人员的经验随意搭配各部件,考虑回收场地的地形地貌特征来确定系统的安装方式,结合无人机的飞行速度和高度范围选择匹配的捕获机构,,ABDE,,5（好）,
,B-A-B-008,B（单选题）,,天钩回收系统配型时，首要考虑的因素是（）。,无人机的尺寸和重量,回收系统的颜色搭配,操作人员的操作习惯,回收场地的地理位置,,,A,,5（好）,
,B-A-B-009,D（简答题）,,简要描述空中回收系统通常由哪些主要部分组成。,,,,,,,空中回收系统主要由回收母机、捕获装置、控制系统和数据传输系统等部分组成,,5（好）,答对一点给一分，答对四点给五分
,B-A-B-009,G（多选题）,,空中回收系统一般由以下（）部分组成。,回收平台 ,引导装置,机械手臂,气象监测设备,通信天线,,ABCDE,,5（好）,
,B-A-B-009,B（单选题）,,混合动力系统工作原理中，描述正确的是（）。,仅使用燃油发动机,仅使用电动发动机,燃油发动机和电动发动机交替工作,燃油发动机和电动发动机协同工作,,,D,,5（好）,
,B-A-B-010,D（简答题）,,简述空中回收系统的工作原理，包括其关键环节及各环节的作用。,,,,,,,定位引导：通过定位与引导装置确定无人机位置并引导其靠近回收平台。接触捕获：利用特定机构接触并捕获无人机。稳定固定：捕获后对无人机进行稳定与固定，确保安全。,,5（好）,答出定位引导环节及作用得 2 分。答出接触捕获环节及作用得 2 分。答出稳定固定环节及作用得 1 分。
,B-A-B-010,G（多选题）,,空中回收系统的工作原理包括的步骤有（）。,飞机自动导航至回收区域,使用降落伞降低飞行速度,利用地面设备进行捕捉,通过无线电控制飞机降落,飞机自主寻找跑道降落,,ABC,,5（好）,
,B-A-B-010,B（单选题）,,空中回收系统的工作原理中，关键环节是（）。,飞行姿态调整,捕获装置的精准触发,燃料消耗控制,飞行高度调整,,,B,,5（好）,
,B-A-B-010,G（多选题）,,空中回收系统的配型原则包括（）。,回收系统的容量与无人机尺寸匹配,回收系统的安全性符合行业标准,回收系统的可靠性满足任务需求,回收系统的成本效益分析,回收系统的操作简便性,,ABCDE,,5（好）,
,B-A-B-011,D（简答题）,,请简述空中回收系统配型原则的主要内容，并说明这些原则在实际应用中的重要性。,,,,,,,空中回收系统配型原则主要包括任务需求匹配、系统兼容性以及安全性与可靠性三个方面。首先，任务需求匹配是配型的基础，需根据回收任务的目标、环境和载荷要求，选择适合的回收系统类型和规格。其次，系统兼容性确保回收系统与无人机、载机及其他相关设备的接口、通信协议和动力系统兼容，保证系统整体协调运行。最后，安全性与可靠性是回收系统的核心要求，需确保在复杂环境下能够稳定运行，避免事故发生。这些原则在实际应用中具有重要意义，能够确保回收任务的成功率和安全性。,,5（好）,答出任务需求匹配并简要解释，得2分；答出系统兼容性并简要解释，得2分；答出安全性与可靠性并简要解释，得1分。
,B-A-B-012,D（简答题）,,请简述空中回收系统配型方法的主要内容，并说明这些方法在实际应用中的重要性。,,,,,,,空中回收系统配型方法主要包括任务需求分析、系统兼容性设计以及性能匹配与优化三个方面。首先，任务需求分析是配型的基础，需要根据回收任务的目标、环境和载荷要求，明确回收系统的功能需求和技术指标。其次，系统兼容性设计确保回收系统与载机、载荷之间的接口、通信协议、动力系统等兼容，保证系统整体协调运行。最后，性能匹配与优化通过仿真和测试，优化回收系统的性能参数，使其与载机和载荷的性能相匹配，提高回收成功率。这些方法在实际应用中具有重要意义，能够确保回收系统的可靠性和任务执行效率。,,5（好）,答出任务需求分析并简要解释，得2分；答出系统兼容性设计并简要解释，得2分；答出性能匹配与优化并简要解释，得1分。
,B-B-A-001,G（多选题）,,关于太阳能等新能源动力系统特点，正确的选项有（）。,太阳能动力系统依赖光照强度，输出功率不稳定,新能源动力系统通常具有较高的能量转换效率,太阳能电池板在高温环境下性能会显著下降,新能源动力系统无需维护，使用寿命长,太阳能动力系统可以为无人机提供持续稳定的动力输出,,ABC,,5（好）,
,B-B-A-001,B（单选题）,,燃气涡轮发动机的工作原理基于（）。,奥托循环,狄塞尔循环,布雷顿循环,卡诺循环,,,C,,5（好）,
,B-B-A-002,B（单选题）,,燃气涡轮发动机调试方法中，首要步骤是（）。,检查发动机外观,检查燃油系统,启动发动机,调整发动机参数,,,B,,5（好）,
,B-B-A-003,W（论述题）,,请详细论述燃气涡轮发动机调试过程中的注意事项，并结合实际说明这些注意事项对发动机性能和安全运行的影响。,,,,,,,燃气涡轮发动机调试过程中的注意事项主要包括调试前的准备工作、调试过程中的参数监控、安全防护措施以及调试后的检查与记录四个方面。首先，调试前的准备工作是确保调试顺利进行的基础，包括检查发动机及配套设备的完整性、清洁度，确保所有连接部件安装正确，并完成必要的校准工作。其次，在调试过程中，需实时监测发动机的转速、温度、压力等关键参数，确保其在设计范围内运行，避免超限操作，这对发动机的性能和寿命至关重要。此外，调试过程中需严格遵守安全操作规程，设置安全警戒区域，确保调试人员及设备的安全，这是防止事故发生的关键。最后，调试完成后，需对发动机进行全面检查，记录调试数据，分析运行状态，为后续使用提供依据，这有助于及时发现潜在问题并优化发动机性能。这些注意事项对燃气涡轮发动机的性能和安全运行具有重要影响，能够有效提升发动机的可靠性和使用寿命。,,5（好）,"得分要点：
答出调试前的准备工作并详细解释，得4分；
答出调试过程中的参数监控并详细解释，得4分；
答出安全防护措施并详细解释，得4分；
答出调试后的检查与记录并详细解释，得3分。"
,B-B-A-003,B（单选题）,,关于燃气涡轮发动机调试过程中的油温控制，正确的描述是（）。,调试过程中油温应尽量保持在最高工作温度下，以验证发动机承受极限,油温过高会导致油品粘度增加，影响燃油供给与流动性,调试油温较低有助于减少发动机磨损，特别是在初期运行阶段,油温必须保持在常温下，过高或过低都不会影响发动机的运行,,,B,,5（好）,
,B-B-A-003,G（多选题）,,关于无人机动力系统的差异，体现了电动、油动、太阳能和混合动力系统在实际应用中的优势和局限性的技术有（）。,电动系统因其较低的维护成本和噪音优势，适合短时间内高精度飞行任务，但其续航能力与负载能力仍受限于电池容量,油动系统具有较长的续航时间和更高的负载能力，适合长时间飞行任务，但存在高噪音、较高的维护成本以及对环境的污染,太阳能系统由于不依赖传统能源，适合环境友好的长期监测任务，但在低光环境下无法有效工作,混合动力系统通过结合电动与油动系统的优势，可以灵活应对多种飞行任务，但复杂的动力系统要求更高的维护水平，并存在控制难度,所有类型的动力系统均在高温环境下表现相似，且具有相同的抗过载能力，因此在极端环境下选择不影响系统性能,,ABCD,,5（好）,
,B-B-A-004,W（论述题）,,请详细论述燃气涡轮发动机调试工具的使用方法，并结合实际说明这些方法在调试过程中的重要性。,,,,,,,燃气涡轮发动机调试工具的使用方法主要包括调试工具的选择与准备、工具的正确安装与校准、调试过程中的工具操作以及调试后的工具维护与记录四个方面。首先，调试工具的选择与准备是调试工作的基础，需要根据发动机型号和调试任务，选择合适的调试工具，如转速表、温度传感器、压力计等，并确保工具处于良好状态。其次，工具的正确安装与校准是确保调试数据准确性的关键，需按照操作手册要求，正确安装调试工具，并进行校准。此外，在调试过程中，需严格按照操作规程使用工具，实时监测发动机的转速、温度、压力等关键参数，确保发动机运行在设计范围内，这对发动机的性能和安全运行至关重要。最后，调试完成后，需及时对工具进行清洁和维护，记录调试数据，为后续分析和优化提供依据。这些方法在调试过程中具有重要意义，能够确保调试工作的顺利进行和发动机的可靠运行。,,5（好）,"得分要点：
答出调试工具的选择与准备并详细解释，得4分；
答出工具的正确安装与校准并详细解释，得4分；
答出调试过程中的工具操作并详细解释，得4分；
答出调试后的工具维护与记录并详细解释，得3分。"
,B-B-A-004,B（单选题）,,在高精度无人机传动系统中，齿轮不仅需要承担较高的负载，还要求传动系统具有较低的功率损耗和优异的抗疲劳性能。针对此类应用，齿轮的选型不仅要考虑材料的强度和齿形的设计，还需特别注意（）。,齿轮啮合区的局部变形特性与润滑油的黏度对齿轮寿命的影响,齿轮的热处理工艺以及齿面硬度对抗疲劳性能的影响,齿轮间的误差修正技术，如微调齿面，确保传动效率最大化,齿轮的重量与转动惯量对系统振动特性的影响，尤其在高速运行时,,,B,,5（好）,
,B-B-A-004,G（多选题）,,在进行无人机电气安装时，对于保障电气系统的正常运行至关重要的操作有（）。,"在安装过程中，检查电气元件的防水性和耐腐蚀性不需要特别关注	",电缆走向和电气组件的布置可以根据方便性随意调整,在高压电缆连接时，必须穿戴防护手套和眼镜,为了提高工作效率，可以省略部分电气部件的接地工作,使用标准化的接线工具，确保每个电气接头的牢固与可靠,,CE,,5（好）,
,B-B-A-005,W（论述题）,,论述太阳能动力系统在无人机中的应用原理，并探讨其在长时间飞行及能效管理方面的优缺点。,,,,,,,"工作原理：太阳能电池板、光伏效应、能量转换。
电池系统：太阳能电池与储能电池的配合使用。
能效管理：能量捕捉、存储与分配。
长时间飞行优势：持久飞行能力、减少地面充电需求。
缺点：受天气影响、功率输出不稳定、重量增加、成本较高。",,5（好）,"工作原理（4分）：明确说明太阳能电池的光伏效应及能量转换过程。
电池系统和能效管理（3分）：提及电池系统的角色及能量的存储与分配机制。
长时间飞行的优点（3分）：讨论太阳能动力对延长飞行时间的影响。
缺点分析（3分）：详细阐述太阳能系统的主要限制，如天气影响与功率输出不稳定。
条理清晰（2分）：论述内容条理清晰，逻辑性强。"
,B-B-A-005,B（单选题）,,在太阳能动力系统工作原理中，以下表述是正确的（ ）。,太阳能电池直接通过电池提供飞行器动力,太阳能电池的输出电压受外界光照强度影响,太阳能电池组只能在高温环境下工作,太阳能电池组通过风力发电转换为电能,,,B,,5（好）,
,B-B-A-005,G（多选题）,,以下关于混合动力系统选型方法的选项中，正确的有（ ）,根据任务需求选择适合的动力组合，如电动-油动混合,优先选择能量密度高的动力系统，以延长续航时间,无需考虑环境适应性，只需满足性能要求即可,选择具有高可靠性和低维护成本的动力系统,动力系统的选型无需考虑与无人机的兼容性,,ABD,,5（好）,
,B-B-A-006,B（单选题）,,在太阳能动力系统调试过程中，最需要实时监控的参数是（）。,太阳能电池板的温度,电池的充电电流和电压,无人机的飞行高度,控制器的通信信号强度,,,B,,5（好）,
,B-B-A-006,W（论述题）,,论述太阳能动力系统在无人机中的应用原理，并探讨其在长时间飞行及能效管理方面的优缺点。,,,,,,,"太阳能电池板调试：光照强度测试、输出电压电流测试、效率测试；模拟不同天气条件；
电池管理系统（BMS）调试：电池充放电状态监测、充电控制、温度管理；
能源转换器调试：DC-DC转换器性能测试、最大功率点跟踪（MPPT）调试；
系统集成调试：电池与太阳能板的配合调试、飞行模式下的系统行为监控；
环境适应性测试：不同环境条件下的性能测试（如高温、低温、不同风速等）；
故障诊断与修复方法：常见问题诊断、调试过程中数据采集与记录；
系统优化：提高能效、延长电池使用寿命、优化功率分配策略。",,5（好）,"16-15分：答题全面，内容详细，涉及系统调试的各个环节，具有较强的技术深度与理解；
14-13分：答题较为完整，涵盖调试的主要步骤和技术，部分环节讲解较为简略；
12-10分：答题不够全面，缺少某些关键调试方法或步骤，部分内容过于简略；
9分及以下：答题不完整，缺少调试方法或存在严重错误，理解存在较大偏差。"
,B-B-A-007,B（单选题）,,太阳能动力系统调试时，错误的做法是（）。,校准太阳能板的角度,不考虑光照强度的变化,监测电池的充放电状态,检查系统的连接线路 ,,,B,,5（好）,
,B-B-A-007,W（论述题）,,请详细论述太阳能动力系统调试过程中的注意事项，并结合实际说明这些注意事项对系统性能和安全运行的影响。,,,,,,,太阳能动力系统调试过程中的注意事项主要包括调试前的准备工作、参数监控与调整、安全防护措施以及调试后的检查与记录四个方面。首先，调试前的准备工作是确保调试顺利进行的基础，包括检查太阳能电池板、蓄电池、控制器等组件的完整性和连接状态，确保系统处于可调试状态。其次，参数监控与调整是调试的核心环节，需实时监测系统的电压、电流、温度等关键参数，确保其在设计范围内运行，并根据需要进行调整，这对系统性能和稳定性至关重要。此外，调试过程中需设置安全警戒区域，确保调试人员及设备的安全，避免发生意外事故。最后，调试完成后，需对系统进行全面检查，记录调试数据，分析运行状态，为后续使用提供依据。这些注意事项对太阳能动力系统的性能和安全运行具有重要影响，能够确保系统的可靠性和高效运行。,,5（好）,"答出调试前的准备工作并简要解释，得1分；
答出参数监控与调整并简要解释，得2分；
答出安全防护措施并简要解释，得1分；
答出调试后的检查与记录并简要解释，得1分。"
,B-B-A-008,W（论述题）,,请详细论述太阳能动力系统调试工具的使用方法，并结合实际说明这些方法在调试过程中的重要性。,,,,,,,太阳能动力系统调试工具的使用方法主要包括工具选择与准备、工具安装与校准、调试过程中的工具操作以及调试后的工具维护与记录四个方面。首先，工具选择与准备是调试工作的基础，需要根据调试任务选择合适的工具，如电压表、电流表、温度传感器等，并确保工具处于良好状态。其次，工具安装与校准是确保调试数据准确性的关键，需按照操作手册要求，正确安装调试工具，并进行校准。此外，在调试过程中，需严格按照操作规程使用工具，实时监测系统的电压、电流、温度等关键参数，确保系统运行在设计范围内，这对系统性能和稳定性至关重要。最后，调试完成后，需及时对工具进行清洁和维护，记录调试数据，为后续分析和优化提供依据。这些方法在调试过程中具有重要意义，能够确保调试工作的顺利进行和系统的可靠运行。,,5（好）,答出工具选择与准备并详细解释，得4分；答出工具安装与校准并详细解释，得4分；答出调试过程中的工具操作并详细解释，得4分；答出调试后的工具维护与记录并详细解释，得3分。
,B-B-A-008,B（单选题）,,太阳能动力系统调试时，测量太阳能电池板输出电压需用到（）。,功率计,示波器,频谱分析仪,万用表,,,D,,5（好）,
,B-B-A-009,W（论述题）,,请详细论述无人机混合动力系统的工作原理，并分析该系统相较于单一动力系统的优势。,,,,,,,组成：燃油机、电机、电池、控器、配器。原理：起降油电协同、巡航油主电辅且充电、降落电制动回能。优势：续航优、可靠强、适应广。,,5（好）,系统组成（3分）：准确写出5个主要组成部分得3分，每少1个扣1分。工作原理（6分）：起降、巡航、降落三个阶段动力及能量转换描述各得2分，缺关键信息酌情扣分。优势分析（6分）：续航、可靠性、环境适应性三点分析合理且有简单实例各得2分。
,B-B-A-009,B（单选题）,,空中回收系统联调方法中，关键步骤是（）。,调整飞行高度,调整回收绳索长度, 检查传感器数据,模拟回收过程并调整参数,,,D,,5（好）,
,B-B-A-010,W（论述题）,,在无人机领域，混合动力系统结合了多种动力源，以提升无人机的性能和续航能力。请详细论述混合动力系统的调试方法，包括调试前的准备工作、调试过程中的关键步骤以及调试后的检查要点。,,,,,,,调试前准备：确认各动力源及组件完好，检查连接线路，熟悉系统设计文档。调试关键步骤：先单独调试各动力源，检测输出参数；进行动力切换测试，确保切换平稳；调整动力分配策略，优化整体性能。调试后检查：复查各部件连接及参数，进行模拟飞行测试，检查系统稳定性。,,5（好）,调试前准备：答出确认组件完好、检查线路、熟悉文档3点，得3分，每少一点扣1分。调试关键步骤：答出单独调试动力源、动力切换测试、调整动力分配策略3点，每点3分，共9分。调试后检查：答出复查部件及参数、模拟飞行测试、检查稳定性3点，得3分，每少一点扣1分.
,B-B-A-010,B（单选题）,,混合动力系统调试方法中，首要步骤是（）。,检查电源连接,调整发动机功率,测试传感器数据,进行飞行测试,,,A,,5（好）,
,B-B-A-011,W（论述题）,,请详细论述混合动力系统调试过程中的注意事项，并结合实际说明这些注意事项对系统性能和安全运行的影响。,,,,,,,混合动力系统调试过程中的注意事项主要包括调试前的准备工作、参数监控与调整、安全防护措施以及调试后的检查与记录四个方面。首先，调试前的准备工作是确保调试顺利进行的基础，包括检查系统各部件的完整性、连接状态及电源供应，确保系统处于可调试状态。其次，参数监控与调整是调试的核心环节，需实时监测系统的电压、电流、温度等关键参数，确保其在设计范围内运行，并根据需要进行调整，这对系统性能和稳定性至关重要。此外，调试过程中需设置安全警戒区域，确保调试人员及设备的安全，避免发生意外事故。最后，调试完成后，需对系统进行全面检查，记录调试数据，分析运行状态，为后续使用提供依据。这些注意事项对混合动力系统的性能和安全运行具有重要影响，能够确保系统的可靠性和高效运行。,,5（好）,答出调试前的准备工作并详细解释，得4分；答出参数监控与调整并详细解释，得4分；答出安全防护措施并详细解释，得4分；答出调试后的检查与记录并详细解释，得3分。
,B-B-A-012,W（论述题）,,请详细论述混合动力系统调试工具的使用方法，并结合实际说明这些方法在调试过程中的重要性。,,,,,,,混合动力系统调试工具的使用方法主要包括工具选择与准备、工具安装与校准、调试过程中的工具操作以及调试后的工具维护与记录四个方面。首先，工具选择与准备是调试工作的基础，需要根据调试任务选择合适的工具，如电压表、电流表、温度传感器等，并确保工具处于良好状态。其次，工具安装与校准是确保调试数据准确性的关键，需按照操作手册要求，正确安装调试工具，并进行校准。此外，在调试过程中，需严格按照操作规程使用工具，实时监测系统的电压、电流、温度等关键参数，确保系统运行在设计范围内，这对系统性能和稳定性至关重要。最后，调试完成后，需及时对工具进行清洁和维护，记录调试数据，为后续分析和优化提供依据。这些方法在调试过程中具有重要意义，能够确保调试工作的顺利进行和系统的可靠运行。,,5（好）,答出工具选择与准备并详细解释，得4分；答出工具安装与校准并详细解释，得4分；答出调试过程中的工具操作并详细解释，得4分；答出调试后的工具维护与记录并详细解释，得3分。
,B-B-B-001,G（多选题）,,关于空中发射系统联调方法，正确的选项有（）。,在不同风速下测试发射系统的稳定性,通过模拟飞行验证发射系统与无人机的兼容性,无需测试发射系统的抗干扰能力,在极端环境下测试发射系统的可靠性,联调过程中无需记录数据，只需观察结果,,ABD,,5（好）,
,B-B-B-001,B（单选题）,,空中发射系统联调时，首先应做的是（）。,直接进行发射测试,检查所有硬件设备是否连接正确,随意设置软件参数,不考虑发射场地的环境因素,,,B,,5（好）,
,B-B-B-001,C（判断题）,,空中发射系统联调时，只需关注发射装置与无人机的连接，无需考虑发射环境（）。,正确,错误,,,,,B,,5（好）,
,B-B-B-001,G（多选题）,,空中发射系统的联调方法包括,检查发射平台的稳定性,调整发射角度和方向,测试发射信号的准确性,模拟发射流程进行测试,仅进行地面测试，无需模拟发射,,ABCD,,5（好）,
,B-B-B-001,B（单选题）,,在空中发射系统联调过程中，首要关注的是（）。,系统的外观设计,系统的发射精度,系统的色彩搭配,系统的音乐播放功能,,,B,,5（好）,
,B-B-B-001,C（判断题）,,空中发射系统联调时，只需要确保无人机的飞行性能良好，无需考虑发射系统的稳定性。（）,正确,错误,,,,,B,,5（好）,
,B-B-B-001,G（多选题）,,在天钩回收系统联调过程中，对精确协调至关重要的因素有（）。,各系统之间的通信协议一致性,系统硬件的电磁兼容性,无人机飞行稳定性与路径控制,回收臂的机械手臂柔性设计,信号传输与反馈延迟控制,,ACE,,5（好）,
,B-B-B-001,B（单选题）,,在高性能无人机的气垫着陆系统中，为了确保飞行器在复杂地形环境下的高效着陆，气垫设计不仅要考虑气流量的需求，还要根据气垫的工作模式和工作效率进行优化。最能影响系统的长期稳定性与性能的配型原则是（）。,气垫系统的气流调节装置对负载能力的实时响应与调整能力,气垫系统中的电动泵工作效率与气体密度对压缩空气流量的影响,飞行器在不同高度、速度下的动能与气垫产生的浮力匹配性,着陆系统中的气垫膜材料弹性与耐久性对气压分布均匀性的影响,,,D,,5（好）,
,B-B-B-001,C（判断题）,,在空中发射系统联调过程中，无需测试发射系统与载机的兼容性，只需确保发射装置正常工作即可。（ ）,正确,错误,,,,,B,,5（好）,
,B-B-B-002,C（判断题）,,在天钩回收系统联调过程中，无需测试回收系统与无人机的兼容性，只需确保回收装置正常工作即可（）。,正确,错误,,,,,B,,5（好）,
,B-B-B-002,G（多选题）,,天钩回收系统联调方法包括（）。,对天钩的机械结构进行反复的开合测试以确保灵活性,调试控制系统的信号传输稳定性和准确性,仅需关注天钩部分，无需对与之配合的无人机进行调整,模拟不同的回收场景进行系统整体性能测试,校准传感器的数据采集精度，确保能准确捕捉无人机位置,,ABDE,,5（好）,
,B-B-B-002,B（单选题）,,天钩回收系统联调过程中，必不可少的步骤是（）。,进行模拟回收测试，检查各环节配合,只检查天钩的机械结构，不测试其他,先不连接无人机，直接调试回收系统,调试完成后不进行任何记录,,,B,,5（好）,
,B-B-B-002,C（判断题）,,天钩回收系统联调时，只需确保无人机能够准确进入回收区域，无需对回收系统的机械装置进行调试（）。,正确,错误,,,,,B,,5（好）,
,B-B-B-002,G（多选题）,,天钩回收系统的联调方法包括（）。,检查天钩系统的机械结构, 调整天钩的捕捉精度,测试天钩的信号传输稳定性,模拟回收过程进行测试,仅进行静态测试，不进行动态模拟,,ABCD,,5（好）,
,B-B-B-002,G（多选题）,,天钩回收系统的联调方法包括（）。,检查天钩系统的机械结构是否牢固,调整天钩的捕捉精度，确保能准确抓住目标,测试天钩系统的信号传输是否稳定,模拟回收过程，验证系统的整体性能,仅进行地面测试，无需模拟实际回收场景,,ABCD,,5（好）,
,B-B-B-002,B（单选题）,,天钩回收系统联调方法中，关键环节是（）。,检查天钩的颜色,检查天钩的音乐播放功能,检查天钩的机械性能和连接稳定性,检查天钩的外观设计,,,C,,5（好）,
,B-B-B-002,C（判断题）,,（）在无人机的天钩回收系统联调过程中，系统的稳定性和信号传输的可靠性是必须优先测试的关键点，而系统的负载能力在初期调试阶段可以忽略不计。,正确,错误,,,,,B,,5（好）,
,B-B-B-002,G（多选题）,,在设计无人机检修作业过程中使用的阻拦网回收系统时，考虑到系统的高效性与无人机损害最小化，应被优先考虑以确保系统的稳定性和安全性的技术特点有（）。,系统的网格材料应选择高强度合金，能承受快速飞行中无人机的冲击力,系统设计需考虑可调节的网格孔径，以适应不同型号无人机的结构,需要配备精密的传感器，能够在无人机接触网格时自动触发回收机制,系统必须配有抗风设计，以确保在高风速环境下依旧能够稳定工作,系统的机械结构应尽量简化，以减少系统故障的概率并降低维护成本,,ABCD,,5（好）,
,B-B-B-002,B（单选题）,,在天钩回收系统联调方法中，最关键的步骤是（ ）。,天钩与回收网之间的距离调整,系统功能的全面检查和校准,天钩的电气系统测试,确保回收网的张力适中,,,B,,5（好）,
,B-B-B-003,B（单选题）,,在空中回收系统联调过程中，最为关键的测试是,回收网的张力测试,无人机与回收系统的通信测试,回收系统的抗风性能测试,回收装置的机械强度测试,,,B,,5（好）,
,B-B-B-003,C（判断题）,,空中回收系统联调时，确保各部件之间的机械连接稳固是首要任务，而电气连接的调试可以后续进行（）。,正确,错误,,,,,B,,5（好）,
,B-B-B-003,G（多选题）,,空中回收系统联调需要采用以下（）方法,进行模拟回收测试，通过多次模拟真实场景，检验系统各部分配合情况,仅检查回收平台的机械结构稳定性，无需关注其他设备,对引导装置进行精度测试，确保能准确引导无人机回收,忽略通信系统的联调，认为其不会影响回收过程,测试不同气象条件下回收系统的性能，确保适应各种环境,,ACE,,5（好）,
,B-B-B-003,B（单选题）,,垂直起降固定翼无人机防雨性能优化方法中，有效的措施是（）。,增加电池容量,使用防水材料覆盖关键部件,提高飞行速度,增加机翼面积,,,B,,5（好）,
,B-B-B-003,C（判断题）,,空中回收系统联调时，需要确保无人机与回收系统的通信、机械连接和控制逻辑均正常工作（）。,正确,错误,,,,,A,,5（好）,
,B-B-B-003,C（判断题）,,空中回收系统联调时，仅需关注无人机与回收设备之间的通信信号，无需考虑回收场地的环境因素。（）,正确,错误,,,,,A,,5（好）,
,B-B-B-003,G（多选题）,,空中回收系统的联调方法包括（）。,检查回收系统的机械部件是否正常工作,调整回收系统的传感器和控制逻辑以确保准确性,进行模拟回收测试以验证系统的整体性能,确保回收系统的通信链路稳定可靠,对回收系统的安全性进行评估和优化,,ABCDE,,5（好）,
,B-B-B-003,B（单选题）,,在空中回收系统联调过程中，为了减小时延对回收精度的影响，最有效的调节措施是（）。,增强无人机与回收系统之间的通信频率,提升无人机控制系统的处理速度,增加回收系统的信号传输带宽,使用更高精度的导航系统来预测回收时机,,,B,,5（好）,
,B-B-B-003,C（判断题）,,在无人机的空中回收系统联调过程中，飞行控制系统和回收装置的联动调试是独立进行的，无需考虑两者之间的实时反馈关系（）。,正确,错误,,,,,B,,5（好）,
,B-B-B-003,G（多选题）,,以下关于空中回收系统联调方法的选项中，正确的有（ ）,在不同风速下测试回收系统的稳定性,通过模拟飞行验证回收系统的兼容性,无需测试回收系统的抗干扰能力,在极端环境下测试回收系统的可靠性,联调过程中无需记录数据，只需观察结果,,ABD,,5（好）,
,B-B-B-004,B（单选题）,,空中发射系统联调方法中，关键步骤是（）。,检查发射轨道,调整发射角度,测试通信链路,模拟发射过程,,,D,,5（好）,
,B-B-B-004,G（多选题）,,在进行无人机抗电磁干扰性能优化时，对于不同类型的电磁干扰源，有效优化措施有（）。,在飞行控制系统中增加电磁干扰感知模块，实时监测干扰环境,通过使用抗电磁干扰的电源模块来减少电源系统对其他设备的干扰,在通信链路中应用高频滤波技术，降低通信信号受到干扰的概率,优化飞控算法，利用信号调制技术增强信号的抗干扰性,优化飞控算法，利用信号调制技术增强信号的抗干扰性,,ABC,,5（好）,
,B-B-B-005,G（多选题）,,为了提高多旋翼无人机的抗风性能，能够有效减少风力对飞行稳定性的影响的方法有（）。,通过增加电池容量来提高飞行器重量，增加惯性，使其对风力的抗扰性更强。,采用更高性能的电动机和增大螺旋桨尺寸，以增加推力来对抗风力。,设计可变角度螺旋桨系统，通过调整螺旋桨的角度以适应不同的风力变化。,降低飞行器的最大飞行速度，避免在高风速情况下过度操控。,提高飞行器的飞行高度，因为较高的飞行高度通常可以避开更强的地面风速。,,BCE,,5（好）,
,B-B-B-006,G（多选题）,,为了提高固定翼无人机在恶劣气候条件下的抗风性能，最为关键的优化方法有（）。,增加机翼展长，并通过设计较大弹性翼型来增加空气动力学效应，提高抗风稳定性。,降低机翼的弯曲度，通过增加机身重量来保持飞行稳定性。,在机身内加入液压舵系统，以便更精确地控制飞行器在强风中的姿态和稳定性。,配备自动飞行控制系统（Autopilot），自动调整飞行器的飞行参数，实时应对风速变化。,在飞行控制系统中增加气流传感器，实时监测风速变化并调整飞行器的飞行路径。,,ACDE,,5（好）,
,B-C-A-001,G（多选题）,,多旋翼无人机抗电磁干扰性能的优化方法包括（）。,使用屏蔽材料对关键电子部件进行封装,优化电路设计，减少电磁泄漏,增加无人机的飞行高度以避开干扰源,采用抗干扰能力强的通信模块,定期对无人机进行电磁兼容性测试,,ABDE,,5（好）,
,B-C-A-001,G（多选题）,,以下关于无人机培训组织的要求及行业标准的选项中，正确的有（ ）,培训组织需具备相关部门的认证资质,培训课程应涵盖理论知识和实操技能,培训设备无需符合行业标准，只需满足基本需求,培训组织需配备专业的讲师团队,培训场地无需满足安全要求，只需空间足够,,ABD,,5（好）,
,B-C-A-002,G（多选题）,,关于无人机培训组织技巧及培训计划，正确的选项有（）。,根据学员背景和行业需求设计培训内容,培训计划无需考虑实操训练，只需注重理论教学,整合师资力量、教学设备和训练场地等资源,通过学员反馈和考核结果优化培训方案,培训计划无需定期更新，只需满足当前需求,,ACD,,5（好）,
,B-C-A-002,G（多选题）,,固定翼无人机抗电磁干扰性能的优化方法包括（）。,在机翼和机身表面使用电磁屏蔽涂层,优化天线布局，减少信号干扰,采用冗余设计，提高系统的可靠性,使用抗干扰能力强的导航系统,定期对无人机进行电磁兼容性测试,,ABCDE,,5（好）,
,B-C-A-002,G（多选题）,,固定翼无人机抗电磁干扰性能的优化方法包括（）。,使用电磁屏蔽材料对关键电子部件进行封装,优化天线布局以减少电磁干扰的影响,采用冗余设计以提高系统的可靠性,使用抗干扰能力强的通信和导航系统,定期对无人机进行电磁兼容性测试,,ABCDE,,5（好）,
,B-C-A-003,G（多选题）,,垂直起降固定翼无人机抗电磁干扰性能的优化方法包括（）。,在起降阶段使用抗干扰能力强的传感器,优化飞行控制系统，减少电磁干扰对飞行姿态的影响,使用电磁屏蔽材料对关键部件进行保护,采用低频通信模块以减少干扰,定期对无人机进行电磁兼容性测试,,ABCDE,,5（好）,
,B-C-A-003,G（多选题）,,垂直起降固定翼无人机抗电磁干扰性能的优化方法包括（）。,在起降阶段优化传感器的抗干扰性能,采用电磁屏蔽材料对起降系统进行保护,优化飞行控制系统以减少电磁干扰对飞行姿态的影响,使用低频通信模块以降低干扰风险,定期对无人机进行电磁兼容性测试,,ABCDE,,5（好）,
,B-C-A-003,G（多选题）,,优化无人直升机的抗电磁干扰性能时，针对电磁干扰源的防护设计，通常采用的策略有（）。,增强直升机外壳的导电性，以防止外部电磁波的干扰,使用高效的电磁屏蔽材料来减少电磁波的传播,采用专门设计的低电磁辐射组件，减小直升机自身的辐射干扰,在关键电路中使用滤波器，消除信号传导干扰,对直升机的电子系统进行频谱扩展，以提高其抗干扰能力,,ABCD,,5（好）,
,B-C-A-004,G（多选题）,,无人直升机抗电磁干扰性能的优化方法包括（）。,使用电磁屏蔽材料对旋翼控制系统进行封装,优化通信链路以提高抗干扰能力,采用冗余设计以提高系统的可靠性,使用抗干扰能力强的导航系统,定期对无人机进行电磁兼容性测试,,ABCDE,,5（好）,
,B-C-A-004,G（多选题）,,在设计和配置植保无人机的播种系统时，确保系统性能的最大化与农业作业的高效性至关重要。考虑到植保播种系统的工作环境与作业任务，针对不同农作物及地形，进行配型时需重点考虑（）。,播种设备的重量与无人机机身承载能力的匹配 ,播种器喷嘴类型与作物种类的相符性,无人机电池容量与播种速度的匹配,精确度要求与无人机GPS定位系统的匹配,播种作物的水分需求与无人机播种量的调节,,ABCD,,5（好）,
,B-C-A-005,B（单选题）,,提高多旋翼无人机抗电磁干扰性能的有效方法是（）。,增加无人机的重量,降低飞行高度,采用屏蔽材料包裹关键电子部件,减少电池容量,,,C,,5（好）,
,B-C-A-005,G（多选题）,,在自动驾驶模式下调试无人机的飞行控制系统时，对保障飞行的稳定性与安全性至关重要的设置有（）。,风速补偿参数与飞行环境中风速变化的关联,自动驾驶系统对障碍物探测灵敏度与飞行高度的关系,飞行稳定性算法中的偏航角设定与航线的协调性,起飞与降落时的陀螺仪灵敏度与设备负载的关系,飞行过程中电池电量与飞行路线调整的实时反馈机制,,ABCDE,,5（好）,
,B-C-A-005,G（多选题）,,以下关于优化其他机型无人机抗电磁干扰性能的选项中，正确的有（ ）,使用屏蔽电缆并确保良好接地,增加无人机的飞行高度以避开干扰源,在电子设备周围加装电磁屏蔽罩,优化飞控算法以增强抗干扰能力,无需考虑电磁干扰，只需提高飞行速度。,,ACD,,5（好）,
,B-C-A-006,G（多选题）,,关于多旋翼无人机抗风性能优化方法，正确的选项有（）。,增加螺旋桨的尺寸和数量,优化飞控算法以增强稳定性,提高电机的功率和响应速度,减少无人机的整体重量,增加电池容量以延长续航时间,,ABC,,5（好）,
,B-C-A-006,B（单选题）,,固定翼无人机抗风性能优化的关键在于（）。,增加机翼面积,提高飞行速度,优化机翼形状和布局,减少机身长度,,,C,,5（好）,
,B-C-A-006,B（单选题）,,多旋翼无人机抗风性能优化的关键在于（）。,增加无人机的重量,优化飞行控制算法,减少电池容量,增加无人机的尺寸,,,B,,5（好）,
,B-C-A-006,G（多选题）,,在伞降回收系统的联调过程中，针对伞降过程中的气流影响和伞具展开速度调节，需要采取来保证回收成功的措施有（）。,调节伞具开伞延迟时间，以适应不同高度的气流变化,利用气动模型模拟伞具展开过程，校验伞具展开状态,通过监控回收系统的电气接触点，确保每个电路的正常连接,在回收过程中使用强风来加速伞具的降落速度,调整伞具的伞绳长度，使其适应不同重量的无人机,,ABE,,5（好）,
,B-C-A-006,G（多选题）,,以下关于优化多旋翼无人机抗风性能的选项中，正确的有（ ）,增加螺旋桨的尺寸和数量,优化飞控算法以增强稳定性,提高电机的功率和响应速度,减少无人机的整体重量,增加电池容量以延长续航时间,,ABC,,5（好）,
,B-C-A-007,G（多选题）,,关于固定翼无人机抗风性能优化方法，正确的选项有（）。,增加机翼的面积和厚度,优化飞控算法以增强稳定性,提高发动机的功率和响应速度,减少无人机的整体重量,增加电池容量以延长续航时间,,ABC,,5（好）,
,B-C-A-007,G（多选题）,,固定翼无人机抗风性能的关键优化方法有（）。,设计更加符合空气动力学的机翼外形，减小风阻,增加无人机的自重，提高稳定性,安装可调节的襟翼和副翼，增强飞行姿态控制能力,采用高性能的飞行控制算法，实时应对风向风速变化,给无人机表面涂抹特殊的防风涂层,,ACD,,5（好）,
,B-C-A-007,B（单选题）,,垂直起降固定翼无人机抗风性能优化时，需要特别关注（）。,起降阶段的风向和风速,飞行过程中的温度变化,无人机的颜色,无人机的音乐播放系统,,,A,,5（好）,
,B-C-A-007,B（单选题）,,固定翼无人机抗风性能优化的有效方法是（）。,增加机翼面积,优化机翼形状和布局,减少机身长度,增加电池容量,,,B,,5（好）,
,B-C-A-007,B（单选题）,,在优化固定翼无人机在强风环境下的抗风性能中，对减轻风扰影响最直接有效的改进是（）。,增加机翼的展弦比,优化机身气动外形，使其更具流线性,提升发动机推力,采用更大的尾翼面积,,,D,,5（好）,
,B-C-A-007,G（多选题）,,在垂直起降固定翼无人机的起飞与着陆过程中，会显著影响无人机的起降稳定性和精度的因素有（）。,起飞时机翼的升力分布与推进系统的推力分配,飞行控制系统对风速和风向的动态响应能力,起降平台的固定精度以及平台的水平度,着陆阶段无人机的水平飞行速度与降落角度的匹配,无人机外部光照条件对传感器的影响,,ABCD,,5（好）,
,B-C-A-007,G（多选题）,,以下关于优化固定翼无人机抗风性能的选项中，正确的有（ ）,增加机翼的面积和厚度,优化飞控算法以增强稳定性, 提高发动机的功率和响应速度,减少无人机的整体重量,增加电池容量以延长续航时间,,ABC,,5（好）,
,B-C-A-008,G（多选题）,,关于垂直起降固定翼无人机抗风性能优化方法，正确的选项有（）。,增加机翼的面积和厚度,优化飞控算法以增强稳定性,提高发动机的功率和响应速度,减少无人机的整体重量,增加电池容量以延长续航时间,,ABC,,5（好）,
,B-C-A-008,G（多选题）,,垂直起降固定翼无人机抗风性能的优化方法包括（）。,优化垂直起降阶段的动力分配策略，增强抗风能力,加强起落架的结构强度，防止在大风中受损,直接使用固定翼无人机的抗风措施，无需特殊设计,利用传感器实时监测风向风速，提前调整飞行姿态,在机身底部安装防风裙，减少气流干扰,,ABDE,,5（好）,
,B-C-A-008,G（多选题）,,垂直起降固定翼无人机抗风性能的优化方法有（）。,优化机翼设计，增加机翼的抗风载荷能力,降低无人机的自重，认为重量越轻越抗风,改进飞控系统算法，使其能更好地应对风的干扰,安装风传感器，实时感知风向和风速，为飞控提供数据,减少起落架的支撑强度，以减轻整体重量来抗风,,ACD,,5（好）,
,B-C-A-008,B（单选题）,,多旋翼无人机防雨性能优化的有效措施是（）。,增加无人机的飞行高度,采用防水材料和密封设计,减少电池容量,增加无人机的重量,,,B,,5（好）,
,B-C-A-008,B（单选题）,,垂直起降固定翼无人机抗风性能优化时，需要特别关注（）。,起降阶段的风向和风速,飞行过程中的温度变化,无人机的颜色,无人机的音乐播放系统,,,A,,5（好）,
,B-C-A-008,B（单选题）,,在垂直起降固定翼无人机的设计中，为了有效提升其抗风性能在强风条件下执行任务，最有效的方案是（）。,增加机翼的升力系数，提升升力,优化机身重量分布，降低重心,提高尾翼和垂直尾翼的面积比,增加电池容量，延长飞行时间,,,C,,5（好）,
,B-C-A-008,B（单选题）,,在无人机的物流运载系统中，考虑到载重与稳定性的平衡，配置适当的运载系统组件至关重要。为了保证系统的高效运行，选择合适的驱动装置和承载材料，通常需要进行最为严格的优化的因素是（）。,传动系统的摩擦系数与传动效率的匹配 ,载荷的动态分布与各组件的热稳定性,驱动装置的功率与重量比以及电池的容量适配性 ,运载系统对振动和冲击的容忍度与空气动力学性能,,,C,,5（好）,
,B-C-A-009,G（多选题）,,无人直升机抗风性能的优化方法为（）。,调整旋翼的桨距和转速，适应不同风力条件,增加直升机的机体高度，提高受风稳定性,安装风向仪和风速传感器，辅助飞行控制,改进直升机的尾桨设计，增强抗风偏航能力,采用高强度的旋翼材料，防止在大风中损坏,,ACDE,,5（好）,
,B-C-A-009,G（多选题）,,无人直升机抗风性能的优化方法包含（）。,增强旋翼的刚度，提高其在风中的稳定性,调整尾桨的角度和功率，抵消风造成的扭矩影响,随意改变机身外形，不考虑空气动力学原理,优化发动机性能，确保在大风环境下动力稳定,增加机身的高度，越高越能避开强风,,ABD,,5（好）,
,B-C-A-009,G（多选题）,,无人直升机抗风性能的优化方法包括（）。,增强旋翼的刚性,提高飞行控制系统精度,增加机身重量,优化旋翼的气动设计,减少飞行高度,,ABD,,5（好）,
,B-C-A-009,B（单选题）,,无人直升机抗风性能优化的关键在于（）。,优化旋翼形状,采用防水材料,增加电池容量,提高飞行速度,,,A,,5（好）,
,B-C-A-009,B（单选题）,,优化无人直升机的抗风性能时，能够显著提升其在横风环境下的飞行稳定性的改进是（）。,增加主旋翼的直径，以增加升力和稳定性,提高尾旋翼的转速，增加旋翼产生的反扭矩,增加主旋翼桨叶的攻角，提升升力,优化旋翼的气动形状，减少气动阻力,,,A,,5（好）,
,B-C-A-009,B（单选题）,,在无人机检修过程中，皮带的张力是影响传动效率和系统稳定性的关键因素。在实际操作中，调试皮带时考虑到温度变化和负载波动，为了确保传动系统的长期稳定性要（）。,在高负载情况下应适当增大皮带张力，以提高动力传递的稳定性,随着环境温度的升高，应适当增加皮带张力，避免因温度升高导致皮带松弛,皮带张力应根据负载波动实时调整，避免在高负载状态下产生过大的张力波动,皮带张力应设置在最低张力范围内，减少摩擦和功率损失，提升整体运行效率,,,C,,5（好）,
,B-C-A-009,B（单选题）,,无人直升机在抗风性能优化过程中，以下措施是最常见的（ ）。,加强螺旋桨的气动设计,通过调节动力系统增加飞行速度,降低直升机的重量以提高抗风能力,增强飞行控制器的稳定性和响应速度,,,D,,5（好）,
,B-C-A-010,B（单选题）,,在优化其他机型无人机的抗风性能时，最为有效的措施是（）。,增加机身重量,优化飞控算法以增强稳定性,提高电池容量,增加螺旋桨数量,,,B,,5（好）,
,B-C-A-010,G（多选题）,,其他机型无人机抗风性能的优化方法包括以下（）。,根据机型独特的空气动力学特点，设计专门的防风结构,拆除部分非关键设备，减轻重量来提高抗风能力，但不考虑对飞行功能的影响,安装主动扰流装置，通过改变气流来减少风对无人机的作用力,对机身材料进行强化处理，提高整体结构强度以抵抗风力,调整飞行姿态控制算法，针对不同风力条件做出更精准的调整,,ACDE,,5（好）,
,B-C-A-010,G（多选题）,,其他机型无人机抗风性能的优化方法包括（）。,采用更高效的电机,增加机翼面积,优化机身外形设计,提高电池容量,使用更先进的导航系统,,BCE,,5（好）,
,B-C-A-010,G（多选题）,,其他机型无人机抗风性能的优化方法包括（）。, 增强无人机的结构强度,提高飞行控制系统的抗风能力,优化无人机的气动外形,增加无人机的重量以提高稳定性,采用更先进的传感器技术,,ABCE,,5（好）,
,B-C-A-010,B（单选题）,,为了提升无人机的抗风能力，以确保飞行稳定性要综合的因素有（）。,增加机翼的厚度和面积，减少气动阻力,优化机翼前缘的形状，使气流更加稳定，减少涡流产生,改善机翼的材质，以提高强度和减轻重量,增加机翼的弯曲度，以提高升力产生能力,,,B,,5（好）,
,B-C-A-010,B（单选题）,,无人机的飞行控制与导航系统通过多个传感器和算法实现飞行稳定性与精确性。假设飞行控制系统出现姿态漂移问题，最有可能的原因是（）。,加速度计的零偏误差,GPS位置数据丢失,磁力计的校准误差,气压计的高度数据偏差,,,C,,5（好）,
,B-C-A-010,B（单选题）,,气垫着陆系统广泛应用于无人机的垂直起降操作中，尤其在复杂或不规则地形中。若无人机发生气垫着陆失败，最有可能导致气垫着陆系统的性能严重下降的因素是（）。,风速过高导致气流扰动,气垫下方地面不平整,飞行器与地面接触角度过小,气垫材料的气体渗透性过高,,,B,,5（好）,
,B-C-A-010,B（单选题）,,在其他机型无人机抗风性能的优化方法中，最有效的改进措施通常是（ ）。(,增加机体尺寸和重量,优化机翼的气动外形,强化电池容量,调整飞行器的飞行速度,,,B,,5（好）,
,B-C-A-011,B（单选题）,,在优化多旋翼无人机防雨性能时，最为关键的措施是（ ）。,提高机身的密封性和防水性,增加螺旋桨的尺寸,提高飞行速度,增加电池容量,,,A,,5（好）,
,B-C-A-011,B（单选题）,,多旋翼无人机防雨性能优化中，不合理的方法是（ ）。,对无人机外壳进行防水处理,增加无人机的重量来抵御雨水冲击,改进电机的防水设计,优化无人机的飞行姿态控制算法 ,,,B,,5（好）,
,B-C-A-011,G（多选题）,,多旋翼无人机防雨性能的优化方法包括（ ）。,采用防水材料, 增加防水涂层,优化电子设备的密封性,提高飞行速度,增加电池容量,,ABC,,5（好）,
,B-C-A-011,G（多选题）,,多旋翼无人机防雨性能的优化方法包括（ ）。,使用防水材料制作机身,增加电子设备的密封性能,优化电机和电调的防水设计,提高电池的防水性能,增加无人机的飞行高度以避开雨水,,ABCD,,5（好）,
,B-C-A-011,B（单选题）,,无人直升机防雨性能优化的关键在于（）。,优化旋翼形状,采用防水材料和密封设计,增加电池容量,提高飞行速度,,,B,,5（好）,
,B-C-A-011,B（单选题）,,多旋翼无人机防雨性能优化时，以下措施最为有效（ ）。,提高机身的密封性和防水性,安装专门的水泵排水系统,使用高强度合金材料制造机身,增加机翼的防护层,,,A,,5（好）,
,B-C-A-012,B（单选题）,,在优化固定翼无人机防雨性能时，最为重要的措施是,增加机翼面积,使用防水涂层保护机身,提高发动机功率,增加电池容量,,,B,,5（好）,
,B-C-A-012,B（单选题）,,关于混合动力系统的分类，以下描述正确的是（ ）。,混合动力系统按照结构可以分为串联式、并联式和混联式三种。,混合动力系统按照混合度可以分为微混合动力系统、中度混合动力系统和全混合动力系统。,混合动力系统按照驱动形式可以分为单桥驱动式和双桥驱动式。,混合动力系统按照能源类型可以分为电动混合动力系统和燃油混合动力系统。,,,A,,5（好）,
,B-C-A-012,B（单选题）,,固定翼无人机防雨性能优化，较为有效的方法是（ ）。,在机翼和机身结合处安装导水槽,拆除机身表面的防水层以减轻重量,增加机身表面的粗糙度，让雨水快速滑落,改变机翼的形状来提高防雨效果,,,C,,5（好）,
,B-C-A-012,G（多选题）,,固定翼无人机防雨性能的优化方法包括（ ）。,采用防水涂层覆盖机身表面,优化机翼和机身的排水设计,提高电子设备的密封等级,使用防水材料制作关键部件,增加无人机的飞行速度以减少雨水接触,,ABCD,,5（好）,
,B-C-A-012,B（单选题）,,固定翼无人机防雨性能优化的有效方法是（）。,增加无人机的重量,采用防水材料和密封设计,减少电池容量,降低飞行高度,,,B,,5（好）,
,B-C-A-012,B（单选题）,,固定翼无人机的防雨性能优化时，最关键的考虑因素是（ ）。,机翼的抗腐蚀性,机体外壳的防水涂层,动力系统的防水设计,机身空隙的排水能力,,,B,,5（好）,
,B-C-A-013,B（单选题）,,在优化垂直起降固定翼无人机防雨性能时，最为有效的措施是（ ）。,增加机翼厚度,优化电气系统的防水设计,提高飞行高度,增加电池容量,,,B,,5（好）,
,B-C-A-013,B（单选题）,,垂直起降固定翼无人机防雨性能优化时，不应（ ）。,增强起落架的防滑性能,忽略机身的排水设计,提高飞控系统对雨水干扰的抗干扰能力,更换防水性能更好的材料制作机翼,,,B,,5（好）,
,B-C-A-013,B（单选题）,,垂直起降固定翼无人机防雨性能优化，合理的做法是（ ）。,为关键电子设备配备防水外壳,改变螺旋桨的材质来提高防雨性能,降低机体整体的密封性，便于排水,减少起落架的防水处理，节省成本,,,B,,5（好）,
,B-C-A-013,B（单选题）,,多旋翼无人机抗低温性能优化方法中，不合适的措施是（ ）。,使用低温电池,增加电机功率, 使用保温材料包裹关键部件,降低飞行高度,,,D,,5（好）,
,B-C-A-013,B（单选题）,,垂直起降固定翼无人机的防雨性能优化，通常依赖于防水设计及系统集成。对提升防雨能力影响最大的设计方案是（）。,在飞行控制系统上增加防水涂层,采用气动外壳设计，避免雨水直接接触机体表面,选择更高效的电池系统，减少水分侵入的风险,采用高强度材料制作机身，提高结构的抗压性,,,B,,5（好）,
,B-C-A-014,B（单选题）,,无人直升机防雨性能优化可采取的措施是（ ）。,拆除不必要的外部设备以减少雨水附着面积,降低直升机的飞行速度在雨中飞行,安装防雨罩在关键部位,不进行任何防护，依靠直升机自身结构防水,,,C,,5（好）,
,B-C-A-014,B（单选题）,,无人直升机防雨性能优化时，以下做法正确的是（ ）。,对发动机进气口安装防水罩,增加旋翼的旋转速度来甩掉雨水,降低机身的高度，减少雨水接触,拆除尾桨的防雨保护装置,,,B,,5（好）,
,B-C-A-014,B（单选题）,,无人直升机抗低温性能优化方法中，关键措施是（ ）。,增加旋翼直径, 使用防冻液,提高发动机功率,优化机身结构,,,B,,5（好）,
,B-C-A-014,B（单选题）,,无人直升机防雨性能优化方法中，有效的措施是（ ）。,增加旋翼直径,使用防水涂层,提高发动机功率,增加机身重量,,,B,,5（好）,
,B-C-A-014,B（单选题）,,固定翼无人机抗低温性能优化的有效方法是（）。,增加无人机的重量,采用保暖材料包裹关键部件,减少电池容量,降低飞行高度,,,B,,5（好）,
,B-C-A-014,B（单选题）,,多旋翼无人机的异常振动故障维修过程中，常见的故障排查方法之一是检查电动机的运行状态。若电动机存在异常振动，为了进一步分析，通常需要采取的措施是（）。,直接更换电动机，并不需要进行其他检查,检查电动机与机体的连接螺栓是否松动，并对电动机进行动平衡校准,增加电动机的负载以降低振动强度,强制调整电动机的转速，以避免振动加剧,,,B,,5（好）,
,B-C-A-015,B（单选题）,,其他机型无人机防雨性能优化，通常会采用（ ）。,根据机型特点设计定制化的防雨结构,统一使用一种标准的防雨方案,不做任何防雨措施，依靠飞行速度躲避雨水,只对机身表面进行简单防水处理,,,C,,5（好）,
,B-C-A-015,B（单选题）,,垂直起降固定翼无人机抗高温性能优化方法中，有效的措施是（ ）。,增加散热装置,减少飞行时间,使用高密度电池,提高飞行速度,,,A,,5（好）,
,B-C-A-015,B（单选题）,,多旋翼无人机抗低温性能优化方法中，不合适的措施是（ ）。,使用低温电池,增加电机功率,使用保温材料包裹关键部件,降低飞行高度,,,D,,5（好）,
,B-C-A-015,B（单选题）,,其他机型无人机防雨性能优化的关键在于（）。,优化飞行控制算法,采用防水材料和密封设计,增加电池容量,增加无人机的尺寸,,,B,,5（好）,
,B-C-A-015,B（单选题）,,在其他机型无人机防雨性能的优化中，最重要的设计调整是（ ）。,优化电气系统的防水措施,采用抗水蒸气的电子元件,增强飞行器的抗风能力,提高电池的防水性,,,A,,5（好）,
,B-C-A-016,B（单选题）,,在优化多旋翼无人机抗低温性能时，最为关键的措施是（ ）。,采用低温适应型电池,增加螺旋桨数量,提高飞行速度, 增加机身重量,,,A,,5（好）,
,B-C-A-016,B（单选题）,,其他机型无人机装调检修作业规范制定方法中，首要步骤是（ ）。,确定维修工具, 制定维修流程,分析无人机结构,确定维修人员资质,,,C,,5（好）,
,B-C-A-016,B（单选题）,,固定翼无人机抗低温性能优化方法中，有效的措施是（ ）。,增加机翼面积,使用低温润滑油,提高发动机功率,增加电池容量,,,B,,5（好）,
,B-C-A-016,B（单选题）,,为了提高多旋翼无人机在低温环境下的抗低温性能，最为有效的方法是（）。,通过改进电池内部材料的导热性，增加电池的热容量，以减缓低温环境对电池性能的影响。,通过改进电池内部材料的导热性，增加电池的热容量，以减缓低温环境对电池性能的影响。,采用更高能量密度的电池，减少电池的自放电速率，提高电池在低温下的持续放电能力。,在电池外部增加保温层，通过外部加热装置维持电池的工作温度范围。,,,D,,5（好）,
,B-C-A-017,B（单选题）,,固定翼无人机抗低温性能优化，错误的是（ ）。,使用耐寒材料制作关键部件,给无人机安装加热装置,减少无人机的飞行次数以避免低温影响,对电池进行保温处理,,,C,,5（好）,
,B-C-A-017,B（单选题）,,垂直起降固定翼无人机抗高温性能优化方法中，有效的措施是（ ）。,增加散热装置,使用耐高温材料,提高飞行速度, 减少飞行时间,,,A,,5（好）,
,B-C-A-017,B（单选题）,,多旋翼无人机装配检修作业规范制定的首要原则是（）。,美观,安全,速度,成本,,,B,,5（好）,
,B-C-A-017,B（单选题）,,为了提高固定翼无人机的飞行效率，优化飞行高度至关重要。针对不同任务需求，飞行高度对燃油消耗和飞行稳定性具有显著影响。在飞行高度过低时，最可能出现的现象是（）。,燃油消耗增加，飞行稳定性降低,燃油消耗减少，但飞行稳定性提升,飞行稳定性下降，但燃油消耗无明显变化,燃油消耗显著增加，飞行效率无变化,,,A,,5（好）,
,B-C-A-018,B（单选题）,,垂直起降固定翼无人机抗低温性能优化，有效的措施是（ ）。,采用耐寒的电池材料,降低无人机的飞行高度来保暖,拆除无人机的加热装置以减轻重量,增加机翼的厚度来提高抗低温能力,,,B,,5（好）,
,B-C-A-018,B（单选题）,,垂直起降固定翼无人机抗低温性能优化的有效方法是（）。,增加无人机的重量,采用保暖材料包裹关键部件,减少电池容量,降低飞行高度,,,B,,5（好）,
,B-C-A-018,B（单选题）,,垂直起降固定翼无人机抗低温性能优化时，下列最关键的是（ ）。,采用低温适应型电池,提高发动机的起动温度范围,增强机身保温层,优化传感器的低温工作性能,,,A,,5（好）,
,B-C-A-019,B（单选题）,,在优化无人直升机抗低温性能时，最为有效的措施是（ ）。,增加旋翼转速,采用低温适应型润滑油,提高发动机功率,增加电池容量,,,B,,5（好）,
,B-C-A-019,B（单选题）,,多旋翼无人机装配保养报告单编制方法中，必须包含的内容是（ ）。,飞行记录,维修人员照片,维修日期和内容,用户反馈,,,C,,5（好）,
,B-C-A-019,B（单选题）,,在无人直升机的低温环境适应设计中，传感器和控制系统的稳定性至关重要。有助于提高无人直升机在低温环境下的系统稳定性的设计改进是（）。,增加传感器的热隔离结构，防止低温影响传感器的输出精度。,改善控制系统的硬件抗低温性能，使其能够在低温下稳定运行。,采用更低功耗的传感器，减少系统整体功耗，从而减少低温对电源系统的负担。,引入自适应算法，根据实时温度变化自动调整传感器的灵敏度和数据处理方式。,,,B,,5（好）,
,B-C-A-020,B（单选题）,,其他机型无人机抗低温性能优化的错误做法是（ ）。,增加无人机的隔热层,不采取任何措施，让无人机自然适应低温,优化无人机的动力系统在低温下的性能,对无人机的传感器进行低温校准,,,B,,5（好）,
,B-C-A-020,B（单选题）,,多旋翼无人机高海拔飞行性能优化方法中，关键措施是（）。,增加电池容量,提高电机功率, 使用高海拔专用桨叶, 减少飞行时间,,,C,,5（好）,
,B-C-A-020,C（判断题）,,垂直起降固定翼无人机的抗高温性能优化主要通过增加散热系统和优化机体材料来实现。（）,正确,错误,,,,,B,,5（好）,
,B-C-A-020,B（单选题）,,垂直起降固定翼无人机的飞行高度优化过程中，考虑到飞行器的燃料消耗、飞行效率以及大气条件等因素，飞行高度的调整对航程和稳定性有显著影响。为了确保飞行效率和航程的最大化，飞行高度的优化应侧重于（）。,固定翼无人机在较高飞行高度下的气动性能提升,垂直起降无人机起飞时的推力要求,飞行高度与气压和气温的变化对动力系统的影响,飞行过程中飞行员对飞行器操作的影响,,,C,,5（好）,
,B-C-A-021,B（单选题）,,多旋翼无人机抗高温性能优化，可采取的方法是（）。,优化电机的散热风道,增加电机的负载，让电机产生更多热量,降低飞行控制器的性能，减少热量产生,给无人机表面覆盖隔热但不透气的材料,,,C,,5（好）,
,B-C-A-021,C（判断题）,,多旋翼无人机在高温环境下飞行时，优化散热系统和调整电池性能是提高抗高温性能的关键措施。（）,正确,错误,,,,,A,,5（好）,
,B-C-A-021,B（单选题）,,在多旋翼无人机抗高温性能优化中，以下措施最为有效的是（ ）。,增加机身散热设计,采用高温耐受电池,提高螺旋桨的耐高温材料,采用温控系统保护电路,,,A,,5（好）,
,B-C-A-022,B（单选题）,,在优化固定翼无人机抗高温性能时，最为重要的措施是（ ）。,增加机翼面积,采用耐高温材料,提高飞行速度,增加电池容量,,,B,,5（好）,
,B-C-A-022,B（单选题）,,无人机培训组织技巧中，关键要素是（ ）。,增加培训时长,提供丰富的实操机会,减少理论课程,仅使用线上培训,,,B,,5（好）,
,B-C-A-022,C（判断题）,,（）固定翼无人机的抗高温性能优化主要依赖于其发动机和电池的散热设计，而外壳的材料选择对抗高温性能影响较小。,正确,错误,,,,,B,,5（好）,
,B-C-A-023,B（单选题）,,垂直起降固定翼无人机抗高温性能优化，不合适的是（）。,安装散热风扇在机身内部,增加无人机的表面积以散热,采用耐高温材料制造发动机部件,优化无人机的散热风道设计 ,,,B,,5（好）,
,B-C-A-023,B（单选题）,,其他机型无人机装调检修作业规范的优化方法中，首要步骤是（）。,分析现有规范的不足,增加维修工具种类,提高维修人员技能,增加维修预算,,,A,,5（好）,
,B-C-A-023,C（判断题）,,无人直升机的抗高温性能优化可以通过改进发动机散热系统和优化旋翼设计来实现。（）,正确,错误,,,,,A,,5（好）,
,B-C-A-023,C（判断题）,,（）在垂直起降固定翼无人机的抗高温性能优化过程中，增加电池的散热设计不会影响飞行性能，因此可以不考虑飞行器其他部件的温度变化。,正确,错误,,,,,B,,5（好）,
,B-C-A-024,B（单选题）,,无人直升机抗高温性能优化，正确的做法是（ ）。,定期清理发动机散热片上的杂物,提高发动机的工作温度设定值,降低燃油的标号，减少燃烧热量,增加直升机的飞行时间，让发动机适应高温,,,C,,5（好）,
,B-C-A-024,C（判断题）,,多旋翼无人机在高海拔地区飞行时，由于空气密度降低，其飞行性能会下降，需要优化动力系统。（）,正确,错误,,,,,A,,5（好）,
,B-C-A-024,C（判断题）,,无人直升机的抗高温性能优化主要通过增加发动机功率来实现，无需考虑散热系统的设计。（）,正确,错误,,,,,B,,5（好）,
,B-C-A-024,C（判断题）,,优化无人直升机抗高温性能的方法包括使用耐高温材料和增加散热装置。（ ）,正确,错误,,,,,A,,5（好）,
,B-C-A-025,C（判断题）,,优化其他机型无人机抗高温性能的方法包括使用耐高温材料和增加散热装置。,正确,错误,,,,,A,,5（好）,
,B-C-A-025,B（单选题）,,无人机培训考评体系架构中，重要组成部分是（ ）。,培训场地,考评标准,培训教材,培训人员,,,B,,5（好）,
,B-C-A-025,C（判断题）,,无人机培训考评体系的架构包括理论知识考核、实操技能评估以及飞行安全意识测试。（）,正确,错误,,,,,A,,5（好）,
,B-C-A-025,C（判断题）,,其他机型无人机的抗高温性能优化方法与多旋翼无人机完全相同，无需针对具体机型进行调整。（）,正确,错误,,,,,B,,5（好）,
,B-C-A-025,C（判断题）,,（）为了有效提高无人机抗高温能力，增加热传导系数较大的金属材料虽然可以提升散热性能，但可能会对其他系统的功能造成负面影响，尤其是电池和电子组件的安全性。,正确,错误,,,,,A,,5（好）,
,B-C-A-026,C（判断题）,,多旋翼无人机在高海拔地区飞行，降低飞行速度可以在一定程度上提升飞行性能。（ ）,正确,错误,,,,,A,,5（好）,
,B-C-A-026,B（单选题）,,多旋翼无人机装配保养报告单的优化方法中，必须包含的是（ ）,飞行记录, 维修人员照片, 维修日期和内容,用户反馈,,,C,,5（好）,
,B-C-A-026,C（判断题）,,无人机在低温环境下飞行时，电池性能会下降，因此需要对电池进行保温处理。（）,正确,错误,,,,,A,,5（好）,
,B-C-A-026,C（判断题）,,多旋翼无人机在高海拔地区飞行时，由于空气密度降低，其升力会显著下降，因此需要优化动力系统。（）,正确,错误,,,,,A,,5（好）,
,B-C-A-026,C（判断题）,,（）多旋翼无人机在高海拔地区飞行时，较高的气压变化使得螺旋桨的推力增加，从而提升飞行性能。,正确,错误,,,,,B,,5（好）,
,B-C-A-027,C（判断题）,,固定翼无人机在高海拔飞行时，增大发动机进气量可以优化其飞行性能。,正确,错误,,,,,A,,5（好）,
,B-C-A-027,C（判断题）,,固定翼无人机在高海拔飞行时，优化机翼设计和调整发动机参数是提高飞行性能的重要手段。,正确,错误,,,,,A,,5（好）,
,B-C-A-027,C（判断题）,,优化固定翼无人机高海拔飞行性能的方法包括增加机翼面积和提高发动机功率。（ ）,正确,错误,,,,,A,,5（好）,
,B-C-A-028,C（判断题）,,优化垂直起降固定翼无人机高海拔飞行性能的方法包括使用高能量密度电池和优化飞控算法。,正确,错误,,,,,A,,5（好）,
,B-C-A-028,C（判断题）,,垂直起降固定翼无人机在高海拔飞行时，优化动力系统和调整机翼迎风面积是提高飞行性能的关键措施。,正确,错误,,,,,A,,5（好）,
,B-C-A-028,C（判断题）,,（）多旋翼无人机的防雨性能可以通过增加电机功率来优化。,正确,错误,,,,,A,,5（好）,
,B-C-A-029,C（判断题）,,无人直升机高海拔飞行性能优化主要通过增加旋翼尺寸来实现。,正确,错误,,,,,B,,5（好）,
,B-C-A-029,C（判断题）,,无人直升机在高海拔飞行时，主要通过优化发动机性能和调整旋翼桨叶角度来提高飞行性能。,正确,错误,,,,,A,,5（好）,
,B-C-A-029,C（判断题）,,（）在无人直升机的高海拔飞行性能优化中，减小主旋翼叶片的升力系数可以有效提高高海拔飞行时的稳定性。,正确,错误,,,,,B,,5（好）,
,B-C-A-030,C（判断题）,,其他机型无人机在高海拔飞行时，采用轻质材料制造机体有助于提升飞行性能。,正确,错误,,,,,A,,5（好）,
,B-C-A-030,C（判断题）,,对于其他机型无人机，通过改进机身材料的强度来优化高海拔飞行性能是可行的。,正确,错误,,,,,A,,5（好）,
,B-C-A-030,C（判断题）,,优化垂直起降固定翼无人机高海拔飞行性能的方法包括使用高能量密度电池和优化飞控算法。（ ）,正确,错误,,,,,A,,5（好）,
,B-C-A-031,C（判断题）,,优化无人直升机高海拔飞行性能的方法包括增加旋翼转速和减少机身重量。,正确,错误,,,,,A,,5（好）,
,B-C-A-031,C（判断题）,,多旋翼无人机防尘性能优化只需要对电机部分进行密封处理就可以有效防止灰尘进入。,正确,错误,,,,,B,,5（好）,
,B-C-A-031,C（判断题）,,多旋翼无人机通过安装高效空气过滤器能有效优化其防尘等环境适应性能。,正确,错误,,,,,A,,5（好）,
,B-C-A-031,C（判断题）,,多旋翼无人机的防尘性能优化主要通过增加防护罩和优化电机散热系统来实现。,正确,错误,,,,,A,,5（好）,
,B-C-A-032,C（判断题）,,固定翼无人机适应恶劣环境时，在机翼前缘安装特殊的防护装置能有效减少灰尘和异物的影响。,正确,错误,,,,,A,,5（好）,
,B-C-A-032,C（判断题）,,固定翼无人机采用表面光滑处理可以提升其防尘等环境适应性能。,正确,错误,,,,,A,,5（好）,
,B-C-A-032,C（判断题）,,固定翼无人机的防尘性能优化可以通过增加机身密封性和优化进气口设计来实现。（）。,正确,错误,,,,,A,,5（好）,
,B-C-A-032,C（判断题）,,固定翼无人机在高湿度环境下工作时，不需要特别的防护措施。（）。,正确,错误,,,,,B,,5（好）,
,B-C-A-033,C（判断题）,,垂直起降固定翼无人机增加起落架的密封性无助于其防尘等环境适应性能的优化（）。,正确,错误,,,,,B,,5（好）,
,B-C-A-033,C（判断题）,,垂直起降固定翼无人机的防尘性能优化与无人直升机的防尘性能优化方法完全相同，无需针对具体机型进行调整（）。,正确,错误,,,,,B,,5（好）,
,B-C-A-033,C（判断题）,,垂直起降固定翼无人机的防水性能可以通过简单地将电子元件包裹在塑料袋中来实现。（ ）,正确,错误,,,,,B,,5（好）,
,B-C-A-034,C（判断题）,,无人直升机的防尘性能优化主要通过增加旋翼防护和优化机身密封性来实现，以减少灰尘对飞行性能的影响。（ ）,正确,错误,,,,,A,,5（好）,
,B-C-A-034,C（判断题）,,为提高无人直升机的防尘性能，可以在设计时增加密封性，使用高质量的密封材料。（ ）,正确,错误,,,,,A,,5（好）,
,B-C-A-035,C（判断题）,,其他机型无人机的防尘性能优化方法与无人直升机完全相同，无需根据具体机型进行调整。（ ）,正确,错误,,,,,B,,5（好）,
,B-C-B-001,W（论述题）,,请详细论述多旋翼无人机装配检修工艺流程的制定方法，并结合实际说明这些方法对提高装配检修效率和质量的作用。,,,,,,,多旋翼无人机装配检修工艺流程的制定方法主要包括需求分析与任务分解、工艺流程设计、资源与工具配置以及质量控制与反馈优化四个方面。首先，需求分析与任务分解是制定工艺流程的基础，需要根据无人机的型号、用途及检修目标，明确装配检修的具体任务，并将其分解为可操作的步骤。其次，工艺流程设计是核心环节，需制定详细的装配检修流程，包括零部件的检查、组装、调试、测试等环节，确保每个环节的科学性和可操作性。此外，资源与工具配置是保障工艺流程顺利实施的关键，需根据工艺流程需求，配置必要的工具、设备和技术人员。最后，质量控制与反馈优化是提升工艺流程效率和质量的重要手段，需在工艺流程中设置关键质量控制点，记录装配检修数据，并根据反馈不断优化流程。这些方法能够显著提高多旋翼无人机装配检修的效率和质量，确保无人机的可靠性和性能。,,5（好）,"得分要点：
答出需求分析与任务分解并详细解释，得4分；
答出工艺流程设计并详细解释，得5分；
答出资源与工具配置并详细解释，得3分；
答出质量控制与反馈优化并详细解释，得3分。"
,B-C-B-002,W（论述题）,,请详细论述多旋翼无人机装配检修工艺流程的优化方法，并结合实际说明这些方法对提高装配检修效率和质量的作用。,,,,,,,多旋翼无人机装配检修工艺流程的优化方法主要包括流程分析与瓶颈识别、标准化操作流程、引入自动化工具与设备以及持续改进与反馈机制四个方面。首先，流程分析与瓶颈识别是优化的基础，通过对现有装配检修流程的详细分析，识别出效率低下或易出问题的环节，明确优化重点。其次，标准化操作流程能够减少人为操作误差，提高流程的一致性和可靠性，确保装配检修质量的稳定性。此外，在关键环节引入自动化工具或设备，如自动螺丝紧固机、智能检测仪器等，能够显著提升装配检修的效率和精度，降低人工成本。最后，建立持续改进机制，通过数据分析和员工反馈，不断优化工艺流程，确保流程的持续高效运行。这些优化方法对提高多旋翼无人机装配检修的效率和质量具有重要作用，能够显著提升生产效率和产品可靠性。,,5（好）,"得分要点：
答出流程分析与瓶颈识别并详细解释，得4分；
答出标准化操作流程并详细解释，得4分；
答出引入自动化工具与设备并详细解释，得4分；
答出持续改进与反馈机制并详细解释，得3分。
"
,B-C-B-003,W（论述题）,,论述制定固定翼无人机装配与检修工艺流程的方法，特别是如何确保飞行安全、减少维护周期和优化维修质量。,,,,,,,"工艺流程制定原则：标准化、流程化、模块化。
飞行安全：关键部件检查、质量控制、风险评估。
减少维护周期：简化装配与拆卸流程、使用高效工具、及时更换故障部件。
优化维修质量：定期培训、完善检修记录、故障预测与提前维修。
流程反馈与改进：收集数据、评估维修效率、改进工作标准。",,5（好）,"工艺流程制定原则（4分）：论述制定工艺流程的原则，如标准化与模块化。
飞行安全保障（4分）：详细阐述如何确保飞行器在装配与检修过程中的安全性。
减少维护周期的措施（3分）：明确提出如何优化维修流程，减少维修时间。
优化维修质量的策略（3分）：提出确保维修质量的措施，如培训与故障预测。
流程改进（1分）：提到如何通过数据反馈优化维修流程。"
,B-C-B-004,W（论述题）,,论述多旋翼无人机装配检修作业规范的制定方法，并解释这些规范如何确保无人机的安全运行和维护效率。,,,,,,,"装配流程优化：模块化设计、标准化零件使用、减少装配步骤、自动化装配工具的引入；
检修流程优化：建立详细的检修日志、制定定期检修与突发故障检修的标准流程；
动力系统检查与维修：发动机性能检查、燃油系统检查、推进器与螺旋桨的故障预防和维修；
电子设备检查与维修：电路板检测、传感器校准、通信设备调试；
质量控制与精度检测：利用3D扫描、激光测量等技术提高装配精度；
信息化管理：数据化管理所有装配与检修记录，提升追溯能力与响应速度；
风险评估与预防措施：结合故障率统计、飞行数据分析，制定预防性检修计划；
技术培训与人员管理：定期对维修人员进行技术培训，提高其故障诊断和维修能力。",,5（好）,"16-15分：答题结构清晰，分析深入，提供了完整且技术深度丰富的优化建议，紧扣实际应用；
14-13分：答题较为全面，涵盖了大部分优化点，但部分内容分析较为浅显；
12-10分：部分内容涉及不全面，存在遗漏或建议过于理论化，缺乏实践操作性；
9分及以下：答题思路不清，未能系统分析优化流程，内容不完整或存在较大错误。"
,B-C-B-005,W（论述题）,,请详细论述垂直起降固定翼无人机装配检修工艺流程的制定方法，并结合实际说明这些方法对提高装配检修效率和质量的作用。,,,,,,,垂直起降固定翼无人机装配检修工艺流程的制定方法主要包括需求分析与任务分解、工艺流程设计、资源与工具配置以及质量控制与反馈优化四个方面。首先，需求分析与任务分解是制定工艺流程的基础，需要根据无人机的型号、用途及检修目标，明确装配检修的具体任务，并将其分解为可操作的步骤。其次，工艺流程设计是核心环节，需制定详细的装配检修流程，包括零部件的检查、组装、调试、测试等环节，确保每个环节的科学性和可操作性。此外，资源与工具配置是保障工艺流程顺利实施的关键，需根据工艺流程需求，配置必要的工具、设备和技术人员。最后，质量控制与反馈优化是提升工艺流程效率和质量的重要手段，需在工艺流程中设置关键质量控制点，记录装配检修数据，并根据反馈不断优化流程。这些方法能够显著提高垂直起降固定翼无人机装配检修的效率和质量，确保无人机的可靠性和性能。,,5（好）,"垂直起降固定翼无人机装配检修工艺流程的制定方法主要包括需求分析与任务分解、工艺流程设计、资源与工具配置以及质量控制与反馈优化四个方面。首先，需求分析与任务分解是制定工艺流程的基础，需要根据无人机的型号、用途及检修目标，明确装配检修的具体任务，并将其分解为可操作的步骤。其次，工艺流程设计是核心环节，需制定详细的装配检修流程，包括零部件的检查、组装、调试、测试等环节，确保每个环节的科学性和可操作性。此外，资源与工具配置是保障工艺流程顺利实施的关键，需根据工艺流程需求，配置必要的工具、设备和技术人员。最后，质量控制与反馈优化是提升工艺流程效率和质量的重要手段，需在工艺流程中设置关键质量控制点，记录装配检修数据，并根据反馈不断优化流程。这些方法能够显著提高垂直起降固定翼无人机装配检修的效率和质量，确保无人机的可靠性和性能。
"
,B-C-B-006,W（论述题）,,请详细论述垂直起降固定翼无人机装配检修工艺流程的优化方法，并结合实际说明这些方法对提高装配检修效率和质量的作用。,,,,,,,垂直起降固定翼无人机装配检修工艺流程的优化方法主要包括流程分析与瓶颈识别、标准化操作流程、引入自动化工具与设备以及持续改进与反馈机制四个方面。首先，流程分析与瓶颈识别是优化的基础，通过对现有装配检修流程的详细分析，识别出效率低下或易出问题的环节，明确优化重点。其次，标准化操作流程能够减少人为操作误差，提高流程的一致性和可靠性，确保装配检修质量的稳定性。此外，在关键环节引入自动化工具或设备，如自动螺丝紧固机、智能检测仪器等，能够显著提升装配检修的效率和精度，降低人工成本。最后，建立持续改进机制，通过数据分析和员工反馈，不断优化工艺流程，确保流程的持续高效运行。这些优化方法对提高垂直起降固定翼无人机装配检修的效率和质量具有重要作用，能够显著提升生产效率和产品可靠性。,,5（好）,答出流程分析与瓶颈识别并详细解释，得4分；答出标准化操作流程并详细解释，得4分；答出引入自动化工具与设备并详细解释，得4分；答出持续改进与反馈机制并详细解释，得3分。
,B-C-B-007,W（论述题）,,论述详细阐述如何制定无人直升机装配检修工艺流程，并分析可能影响工艺流程的因素及应对措施。,,,,,,,流程：装配前准备、装配、检修周期与方法。因素：零件、人员、工具、环境。措施：选商检件、培训考核、维护设备、调控环境。,,5（好）,装配流程（9分）：准备（3分）、装配（4分）、检修（2分），各环节关键步骤完整得满分，缺要点按比例扣分。影响与应对（6分）：四个因素及对应措施各1.5分，答对一个因素及措施得1.5分，上限6分。
,B-C-B-008,W（论述题）,,无人直升机的装配检修工艺流程对于保障其飞行安全和性能至关重要，请论述如何对无人直升机装配检修工艺流程进行优化，从流程规划、人员管理、质量控制等方面展开分析。,,,,,,,流程规划：梳理现有流程，去除冗余环节，依据作业逻辑优化顺序。人员管理：开展针对性技能培训，明确各岗位责任与分工。质量控制：制定严格质量标准，增加关键节点检测，建立质量追溯体系。,,5（好）,流程规划：答出梳理流程、去除冗余、优化顺序3点，得3分，每少一点扣1分。人员管理：答出技能培训、明确责任分工2点，每点3分，共6分。质量控制：答出制定标准、增加检测、建立追溯体系3点，得6分，每少一点扣2分。
,B-C-B-009,W（论述题）,,请详细论述其他机型无人机装调检修工艺流程的制定方法，并结合实际说明这些方法对提高装调检修效率和质量的作用。,,,,,,,其他机型无人机装调检修工艺流程的制定方法主要包括需求分析与任务分解、工艺流程设计、资源与工具配置以及质量控制与反馈优化四个方面。首先，需求分析与任务分解是制定工艺流程的基础，需要根据无人机的型号、用途及检修目标，明确装调检修的具体任务，并将其分解为可操作的步骤。其次，工艺流程设计是核心环节，需制定详细的装调检修流程，包括零部件的检查、组装、调试、测试等环节，确保每个环节的科学性和可操作性。此外，资源与工具配置是保障工艺流程顺利实施的关键，需根据工艺流程需求，配置必要的工具、设备和技术人员。最后，质量控制与反馈优化是提升工艺流程效率和质量的重要手段，需在工艺流程中设置关键质量控制点，记录装调检修数据，并根据反馈不断优化流程。这些方法能够显著提高其他机型无人机装调检修的效率和质量，确保无人机的可靠性和性能。,,5（好）,答出需求分析与任务分解并详细解释，得4分；答出工艺流程设计并详细解释，得5分；答出资源与工具配置并详细解释，得3分；答出质量控制与反馈优化并详细解释，得3分。
,B-C-B-010,W（论述题）,,请详细论述其他机型无人机装调检修工艺流程的优化方法，并结合实际说明这些方法对提高装调检修效率和质量的作用。,,,,,,,其他机型无人机装调检修工艺流程的优化方法主要包括流程分析与瓶颈识别、标准化操作流程、引入自动化工具与设备以及持续改进与反馈机制四个方面。首先，流程分析与瓶颈识别是优化的基础，通过对现有装调检修流程的详细分析，识别出效率低下或易出问题的环节，明确优化重点。其次，标准化操作流程能够减少人为操作误差，提高流程的一致性和可靠性，确保装调检修质量的稳定性。此外，在关键环节引入自动化工具或设备，如自动螺丝紧固机、智能检测仪器等，能够显著提升装调检修的效率和精度，降低人工成本。最后，建立持续改进机制，通过数据分析和员工反馈，不断优化工艺流程，确保流程的持续高效运行。这些优化方法对提高其他机型无人机装调检修的效率和质量具有重要作用，能够显著提升生产效率和产品可靠性。,,5（好）,答出流程分析与瓶颈识别并详细解释，得4分；答出标准化操作流程并详细解释，得4分；答出引入自动化工具与设备并详细解释，得4分；答出持续改进与反馈机制并详细解释，得3分。
,B-C-B-011,B（单选题）,,多旋翼无人机装配检修报告单编制时，必须包含的内容是（）。,无人机的颜色,检修人员的个人喜好,检修日期和检修内容,无人机的音乐播放功能,,,C,,5（好）,
,B-C-B-012,B（单选题）,,多旋翼无人机装配检修作业规范优化的首要原则是（）。,美观,安全,速度,成本,,,B,,5（好）,
,B-C-B-013,B（单选题）,,在固定翼无人机装配检修过程中，作业规范的制定应特别注意确保工作的安全性与规范性。若规范中未详细描述某一零部件的安装顺序，最佳的做法是（）。,依赖工作人员的经验判断，灵活调整装配顺序,咨询零部件供应商，获取产品的技术规格说明书,按照通用装配标准来执行，忽略特定产品要求,根据无人机型号历史记录，使用类似项目的装配方案,,,B,,5（好）,
,B-C-B-014,B（单选题）,,假设一款多旋翼无人机在较低飞行高度时消耗的电量较高，而在较高飞行高度时则由于空气密度的变化导致推进效率变化。在这种情况下，关于飞行高度优化的目标应该优先考虑（）。,优化飞行高度以减少电池负荷并延长飞行时间,选择最大飞行高度以确保飞行器的稳定性,降低飞行高度以增加飞行器的机动性,提高飞行高度以减少飞行过程中的干扰和噪音,,,A,,5（好）,
,B-C-B-015,B（单选题）,,垂直起降固定翼无人机装配检修作业规范的制定方法中，最重要的内容是（ ）。,明确装配检修的安全操作流程,规定检修工具的标准和使用方法,制定详细的装配检修时间表,确定装配后的测试步骤,,,A,,5（好）,
,B-C-B-016,B（单选题）,,在优化垂直起降固定翼无人机装配检修作业规范时，最为关键的内容是（ ）。,明确安全操作流程,增加检修工具的种类,缩短检修时间,减少检修人员数量,,,A,,5（好）,
,B-C-B-017,B（单选题）,,无人直升机装配检修作业规范制定时，不需要的是（ ）。,明确各部件的装配顺序,规定检修工具的使用方法,随意更改装配流程,制定安全操作规程   ,,,C,,5（好）,
,B-C-B-018,B（单选题）,,无人直升机装配检修作业规范优化，关键在于（ ）。,制定详细且合理的操作流程,减少检修项目，提高工作效率,不考虑检修人员的技能水平差异,随意更改已有的检修标准,,,D,,5（好）,
,B-C-B-019,B（单选题）,,装调检修新技术研究方法中，首要步骤是（ ）。,实验验证,理论研究,市场调研,技术应用,,,B,,5（好）,
,B-C-B-020,B（单选题）,,无人机培训考评体系的架构及操作评估中，重要组成部分是（ ）。,培训场地,考评标准,培训教材,培训人员,,,B,,5（好）,
,B-C-B-021,B（单选题）,,评价多旋翼无人机培训效果的关键指标是（）。,学员的出勤率,学员的满意度,学员的操作技能掌握程度,培训的时长,,,C,,5（好）,
,B-C-B-022,B（单选题）,,多旋翼无人机装配检修报告单优化时，必须包含的内容是（）。,无人机的颜色,检修人员的个人喜好,检修日期和检修内容,无人机的音乐播放功能,,,C,,5（好）,
,B-C-B-023,B（单选题）,,当维修过程涉及到复杂电路组件的检查时，装配检修报告中应明确列出（）。,检查过的每一项电路的具体工作状态与电流、电压数据,仅记录出现异常的电路位置和维修建议，不列出常规检查项,只需记录电路部分的维修更换清单，忽略详细的故障分析,仅提供电路系统的总体测试结果，缺少具体数值,,,A,,5（好）,
,B-C-B-027,B（单选题）,,无人直升机装配检修报告单编制时，以下错误的是（ ）。,详细记录装配检修的时间,不记录发现的问题及解决方案,填写所使用的零部件型号,注明装配检修人员的姓名 ,,,B,,5（好）,
,B-C-B-028,B（单选题）,,无人直升机装配检修报告单优化，应着重的方面是（ ）。,不填写检修时间和检修人员信息,只记录关键故障，忽略小问题,采用复杂的格式，显示专业性,确保数据的准确性和完整性,,,A,,5（好）,
,B-C-B-029,B（单选题）,,常用办公软件操作基础知识中，无人机装调检修工作中常用的软件功能是（ ）。,文字处理,数据分析,图像编辑,视频制作,,,B,,5（好）,
,B-C-B-030,B（单选题）,,无人机培训考评体系的建立方法及评估方法中，关键环节是（ ）。,确定培训目标, 设计考核流程,选择培训场地,评估培训效果,,,D,,5（好）,
,B-D-A-001,D（简答题）,,请简述无人机培训组织的要求及行业标准的主要内容，并说明这些要求和标准对培训质量的影响。,,,,,,,无人机培训组织的要求及行业标准主要包括资质要求、课程设置、师资力量以及设备与场地四个方面。首先，培训组织需具备相关部门的认证资质，确保其培训活动合法合规。其次，培训课程应涵盖理论知识和实操技能，符合行业标准，确保学员全面掌握无人机操作及相关知识。此外，培训组织需配备具备专业资质和丰富经验的讲师团队，保证培训质量。最后，培训组织应配备符合标准的无人机设备及安全的训练场地，确保学员能够在真实环境中进行实操训练。这些要求和标准对培训质量具有重要影响，能够提升从业人员的专业素质，保障飞行安全，促进行业规范化发展。,,5（好）,答出资质要求并简要解释，得1分；答出课程设置并简要解释，得1分；答出师资力量并简要解释，得1分；答出设备与场地并简要解释，得2分。
,B-D-A-001,B（单选题）,,无人直升机专业技能指导方案编制中，错误的是（ ）。,提供直升机的操作演示视频,只讲解理论知识，不安排实践操作,制定训练计划和考核标准,分析常见故障及排除方法  ,,,B,,5（好）,
,B-D-A-001,B（单选题）,,无人机培训组织符合行业标准的要求包括（ ）。,具备完善的培训教材和教案,培训场地无需专门规划,培训教员可以没有无人机相关经验,培训课程无需经过审核,,,D,,5（好）,
,B-D-A-001,C（判断题）,,无人机培训组织的要求及行业标准规定了培训内容、师资资质和考核方式，以确保培训质量和飞行安全（ ）。,正确,错误,,,,,A,,5（好）,
,B-D-A-001,G（多选题）,,无人机培训组织的要求及行业标准包括（ ）。,培训机构需具备合法资质,培训内容需符合行业标准,培训师资需具备相关经验和资质,培训设施需满足教学需求,培训效果需进行评估和反馈,,ABCDE,,5（好）,
,B-D-A-001,D（简答题）,,请简述无人机培训组织的基本要求及行业标准，并说明这些要求和标准对无人机行业发展的意义。,,,,,,,无人机培训组织的基本要求及行业标准主要包括资质要求、课程设置、师资力量以及设备与场地四个方面。首先，培训组织需具备相关部门的认证资质，确保其培训活动合法合规。其次，课程设置应涵盖理论知识和实操技能，符合行业标准，确保学员全面掌握无人机操作及相关知识。此外，培训组织需配备具备专业资质和丰富经验的讲师团队，保证培训质量。最后，培训组织应配备符合标准的无人机设备及安全的训练场地，确保学员能够在真实环境中进行实操训练。这些要求和标准对无人机行业的发展具有重要意义，能够提升从业人员的专业素质，保障飞行安全，促进行业规范化发展。,,5（好）,"得分要点：
答出资质要求并简要解释，得1分；
答出课程设置并简要解释，得1分；
答出师资力量并简要解释，得1分；
答出设备与场地并简要解释，得2分。"
,B-D-A-001,B（单选题）,,垂直起降固定翼无人机培训效果评价中，最重要的环节是（）。,理论知识考核,实操技能考核,学员的自我评价,培训师的评价,,,B,,5（好）,
,B-D-A-001,G（多选题）,,在固定翼无人机的培训考评体系中，有助于有效评估学员的飞行能力与操作水平的是（）。,飞行模拟器的使用比例,真实飞行操作中的应急反应能力,理论知识测试的频次与难度,团队合作与协调能力的考察,飞行计划和任务执行的执行效率,,BDE,,5（好）,
,B-D-A-001,G（多选题）,,固定翼无人机在飞行过程中出现异常振动，且经过初步检查后，无法直接确定振动的来源。根据相关维修方案，可能是导致该振动的原因有（）。,动力系统的平衡不良，尤其是发动机或螺旋桨的固定问题,飞行控制系统的算法参数误差导致的振动增幅,机体结构疲劳或裂纹，在长时间使用后未及时检测,高频电磁干扰引发的机载电子设备不稳定,空气动力学设计问题，导致在特定飞行姿态下产生共振现象,,ABCE,,5（好）,
,B-D-A-002,D（简答题）,,简述在组织无人机培训时，有哪些技巧可以有效提高培训效果。,,,,,,,"采用理论与实践相结合的方式,利用多媒体资源,设置模拟飞行训练环节,开展小组讨论和经验分享活动",,5（好）,写出一点给两分，三点及以上给五分
,B-D-A-002,B（单选题）,,在无人机培训组织技巧及培训计划制定中，重要的是（ ）。,根据学员基础和目标制定个性化计划,所有学员采用相同的培训进度,培训过程中不进行任何考核,不安排实践操作课程，只讲理论,,,D,,5（好）,
,B-D-A-002,B（单选题）,,无人直升机防雨性能优化方法中，有效的措施是（ ）。,增加旋翼直径,使用防水涂层,提高发动机功率,增加机身重量,,,B,,5（好）,
,B-D-A-002,C（判断题）,,无人机培训组织的技巧及培训计划应包括理论知识、实操技能、安全教育以及考核评估等内容，以确保培训效果（ ）。,正确,错误,,,,,A,,5（好）,
,B-D-A-002,G（多选题）,,无人机培训组织的技巧及培训计划包括（）。,制定详细的培训大纲，明确培训目标和内容,选择合适的培训场地和设备，确保培训效果,采用多样化的教学方法，如理论讲解、实践操作和案例分析,定期评估学员的培训进度，及时调整培训计划,仅关注理论知识的传授，忽略实践操作,,ABCD,,5（好）,
,B-D-A-002,D（简答题）,,请简述无人机培训组织的技巧及培训计划的主要内容，并说明这些内容和技巧对培训效果的影响。,,,,,,,无人机培训组织的技巧及培训计划主要包括分层教学、理论与实践结合以及互动与反馈三个方面。首先，分层教学能够根据学员的基础水平和学习能力，制定针对性的教学计划，确保每位学员都能得到适合的指导，从而提高学习效率。其次，理论与实践结合的培训计划能够确保学员既能掌握无人机相关理论知识，又能熟练操作无人机，全面提升学员的综合能力。最后，通过课堂互动、实操指导和定期考核，及时了解学员的学习进度和问题，提供针对性的反馈和改进建议，帮助学员快速提升技能水平。这些内容和技巧对培训效果具有重要影响，能够显著提高培训的质量和学员的满意度。,,5（好）,"得分要点：
答出分层教学并简要解释，得2分；
答出理论与实践结合并简要解释，得2分；
答出互动与反馈并简要解释，得1分。"
,B-D-A-002,G（多选题）,,以下关于无人机专业技能指导方案编制方法的选项中，正确的有（ ）,根据学员背景和行业需求设计培训内容,培训方案无需考虑实操训练，只需注重理论教学,整合师资力量、教学设备和训练场地等资源,通过学员反馈和考核结果优化培训方案,培训方案无需定期更新，只需满足当前需求,,ACD,,5（好）,
,B-D-A-003,G（多选题）,,关于无人机培训效果评价方法，正确的选项是（ ）。,通过理论考核评估学员的知识掌握程度,通过实操考核评估学员的操作技能水平,通过学员反馈了解培训内容的满意度,无需进行综合评估，只需关注单项成绩,通过数据分析优化培训内容和教学方法,,ABCD,,5（好）,
,B-D-A-003,D（简答题）,,简述无人机培训考评体系的架构，并说明如何对学员的操作进行评估。,,,,,,,架构：理论知识、实操技能、综合应用三部分。操作评估：按操作规范、任务完成情况、应对突发情况能力评估。,,5（好）,准确阐述架构三部分得 3 分。答出操作评估的三个要点得 2 分。
,B-D-A-003,B（单选题）,,其他机型无人机抗高温性能优化方法中，不合适的措施是（ ）。,增加散热装置,使用高温电池,提高飞行高度,增加飞行时间,,,D,,5（好）,
,B-D-A-003,B（单选题）,,装调检修新工艺研究方法中，首要步骤是（ ）。,实验验证,理论研究,市场调研,技术应用,,,B,,5（好）,
,B-D-A-003,C（判断题）,,其他机型无人机的抗高温性能优化主要通过增加机体重量和提高发动机功率来实现。（）,正确,错误,,,,,B,,5（好）,
,B-D-A-003,G（多选题）,,无人机培训考评体系的架构及操作评估包括（）。,制定明确的培训目标和考核标准,设计多样化的考核方式，包括理论考试和实践操作,评估学员的操作技能和飞行安全意识,提供反馈和改进建议以促进学员进步,建立档案记录学员的培训和考核过程,,ABCDE,,5（好）,
,B-D-A-003,D（简答题）,,请简述无人机混合动力系统的工作原理。,,,,,,,"教学技巧：分阶段、理论与实践结合、逐步提高难度。
飞行器检修培训要求：基础知识与实际操作相结合，确保学员掌握机身检查、动力系统和电子设备的诊断与修复。
安全意识培养：重点强调操作规范和安全检查流程。",,5（好）,少一点扣1分，答满拿5分。
,B-D-A-003,G（多选题）,,以下关于无人机培训效果评价方法的选项中，正确的有（ ）,通过理论考核评估学员的知识掌握程度,通过实操考核评估学员的操作技能水平,通过学员反馈了解培训内容的满意度,无需进行综合评估，只需关注单项成绩,通过数据分析优化培训内容和教学方法,,ABCE,,5（好）,
,B-D-A-004,G（多选题）,,关于无人机飞行操作指导方法，正确的选项有（ ）。,将飞行操作分解为起飞、悬停、航线飞行、降落等步骤,利用飞行模拟器进行虚拟训练，降低实操风险,在实操训练中，教练无需实时观察学员操作,通过课堂互动和定期考核了解学员的学习进度,飞行操作指导无需考虑学员的个体差异,,ABD,,5（好）,
,B-D-A-004,C（判断题）,,无人机培训考评体系中，实践操作考核的成绩占比应该高于理论考试成绩（ ）。,正确,错误,,,,,A,,5（好）,
,B-D-A-004,G（多选题）,,建立无人机培训考评体系及评估方法时应包含以下（ ）方面,制定明确的理论知识考核标准，涵盖无人机原理、法规等内容,仅通过一次实操考核就判定学员是否合格，无需多次评估,建立多元化的评估方式，如实操考核、项目作业、日常表现等综合评估,不考虑学员的学习进度差异，采用统一的考评标准,定期对考评体系进行审查和更新，确保其有效性和适应性,,ACE,,5（好）,
,B-D-A-004,D（简答题）,,请简述无人机培训考评体系的建立方法及评估方法的主要内容，并说明这些方法对培训质量提升的作用。,,,,,,,无人机培训考评体系的建立方法及评估方法主要包括考评指标设计、考评工具开发以及数据分析与反馈三个方面。首先，考评指标设计根据培训目标，设计理论考核、实操考核和综合能力评估等多维度考评指标，确保考评的全面性。其次，考评工具开发包括笔试、实操任务、模拟飞行等工具，确保考评的科学性和可操作性。最后，数据分析与反馈通过评估学员表现，提供反馈和改进建议，帮助优化培训内容和方法。这些方法对培训质量提升具有重要作用，能够确保培训效果的科学评估和持续改进。,,5（好）,答出考评指标设计并简要解释，得2分；答出考评工具开发并简要解释，得2分；答出数据分析与反馈并简要解释，得1分。
,B-D-A-004,B（单选题）,,其他机型无人机抗低温性能优化方法中，不合适的措施是（ ）。,增加散热装置,使用低温电池,提高发动机功率, 增加机身保温层,,,A,,5（好）,
,B-D-A-004,B（单选题）,,固定翼无人机培训效果评价中，最重要的环节是（）。,理论知识考核,实操技能考核,学员的自我评价,培训师的评价,,,B,,5（好）,
,B-D-A-004,C（判断题）,,无人机培训考评体系的建立方法及评估方法应涵盖理论知识、实操技能和安全意识等多个方面，以确保培训效果。（）,正确,错误,,,,,A,,5（好）,
,B-D-A-004,D（简答题）,,分析固定翼无人机培训中常见的教学技巧，特别是在飞行器检修方面的培训要求。,,,,,,,"理论与实践结合
模拟维修环境
故障排查技能
安全操作规范
专业导师指导
定期考核",,5（好）,少一点扣1分，答满拿5分。
,B-D-A-005,B（单选题）,,垂直起降固定翼无人机专业技能指导方案编制时，不应该的是（ ）,涵盖飞行原理知识,忽略垂直起降的特殊操作技巧,包括维护保养的要点,讲解安全注意事项  ,,,B,,5（好）,
,B-D-A-005,C（判断题）,,建立无人机培训指导体系时，制定详细的教学大纲是可有可无的（ ）。,正确,错误,,,,,B,,5（好）,
,B-D-A-005,G（多选题）,,无人机培训指导体系的建立方法及教学流程包括（ ）。,制定培训大纲和教学计划,选择合适的培训场地和设备,进行理论知识和实践操作教学,组织考核和颁发证书,仅进行理论知识教学，不进行实践操作,,ABCD,,5（好）,
,B-D-A-005,D（简答题）,,请简述无人机培训指导体系的建立方法及教学流程的主要内容，并说明这些内容对培训效果的影响。,,,,,,,无人机培训指导体系的建立方法及教学流程主要包括需求分析与目标设定、课程设计与资源整合以及教学实施与反馈优化三个方面。首先，需求分析与目标设定根据学员背景和行业需求，明确培训目标和教学内容，确保培训的针对性。其次，课程设计与资源整合设计理论课程和实操训练内容，整合师资力量、教学设备和训练场地等资源，为培训提供保障。最后，教学实施与反馈优化通过分层教学、互动指导和定期考核，实施培训计划，并根据学员反馈优化教学内容。这些内容对培训效果具有重要影响，能够提升培训的质量和学员的技能水平。,,5（好）,答出需求分析与目标设定并简要解释，得2分；答出课程设计与资源整合并简要解释，得2分；答出教学实施与反馈优化并简要解释，得1分。
,B-D-A-005,B（单选题）,,装调检修新技术研究方法中，首要步骤是（）。,实验验证,市场调研,理论分析,问题提出,,,D,,5（好）,
,B-D-A-005,B（单选题）,,固定翼无人机培训效果评价的关键指标是（）。,学员的出勤率,学员的满意度,学员的操作技能掌握程度,培训的时长,,,C,,5（好）,
,B-D-A-005,G（多选题）,,针对无人直升机的培训组织，对提高培训效果至关重要的因素有（）。,教官与学员的互动频率,固定的培训场地,实践操作和理论学习的比例,培训前的飞行基础能力评估,培训时间的灵活性，根据学员的进度调整,,ABCD,,5（好）,
,B-D-A-005,D（简答题）,,请简述无人机培训指导体系的建立方法及教学流程的主要内容，并说明这些内容对培训效果的影响。,,,,,,,无人机培训指导体系的建立方法及教学流程主要包括需求分析与目标设定、课程设计与资源整合以及教学实施与反馈优化三个方面。首先，需求分析与目标设定根据学员背景和行业需求，明确培训目标和教学内容，确保培训的针对性。其次，课程设计与资源整合设计理论课程和实操训练内容，整合师资力量、教学设备和训练场地等资源，为培训提供保障。最后，教学实施与反馈优化通过分层教学、互动指导和定期考核，实施培训计划，并根据学员反馈优化教学内容。这些内容对培训效果具有重要影响，能够提升培训的质量和学员的技能水平。,,5（好）,"答出需求分析与目标设定并简要解释，得2分；
答出课程设计与资源整合并简要解释，得2分；
答出教学实施与反馈优化并简要解释，得1分"
,B-D-A-010,G（多选题）,,多旋翼无人机在飞行时出现异响，维修人员在检测过程中发现异响来源主要集中在旋翼部位。根据维修方案，造成此类异响的原因有（）。,电机轴承损坏或缺乏润滑,旋翼叶片的安装角度不均，导致空气动力不对称,飞控系统未进行及时的固件升级，导致控制信号滞后,电池电量不足，导致电机运转异常,旋翼桨叶表面结冰，导致重量分布不均匀,,ABE,,5（好）,
,B-D-A-011,C（判断题）,,（）在进行多旋翼无人机培训时，教练员应该避免使用模拟飞行软件来教授学员基本的飞行操作技巧。,正确,错误,,,,,B,,5（好）,
,B-D-A-012,C（判断题）,,（）无人直升机培训考评体系中，飞行员的操作技能评估仅应关注飞行器操作的精度，忽视飞行环境适应能力的考察。,正确,错误,,,,,B,,5（好）,
,B-D-A-013,C（判断题）,,优化无人直升机高海拔飞行性能的方法包括增加旋翼转速和减少机身重量。（ ）,正确,错误,,,,,A,,5（好）,
,B-D-A-014,C（判断题）,,优化其他机型无人机高海拔飞行性能的方法包括使用高功率电机和增加电池容量（ ）。,正确,错误,,,,,A,,5（好）,
,B-D-A-024,B（单选题）,,在多旋翼无人机的飞行速度优化中，飞行速度提升的一个重要因素是机动性。为了在提高飞行速度的同时确保稳定性和效率，最高效的优化的方法是（）。,增加电机功率，提升推力,调整机翼的空气动力学设计，提高升力,降低电池容量，以减轻重量,采用更高比压的涡轮引擎提高推力,,,A,,5（好）,
,B-D-A-025,B（单选题）,,垂直起降固定翼无人机装配检修报告单的编制方法中，最关键的是（ ）。,精确记录每个部件的使用情况,规范检修过程的每一步,完整记录飞行测试数据,确保报告单符合法律规定,,,B,,5（好）,
,B-D-A-026,B（单选题）,,在优化垂直起降固定翼无人机装配检修报告单时，最为重要的内容是（ ）。,记录每个部件的使用情况,规范检修过程的每一步,增加报告单的长度,使用复杂的专业术语,,,B,,5（好）,
,B-D-B-001,D（简答题）,,请简述无人机专业技能指导方案的主要内容，并说明这些内容对提升学员技能水平的作用。,,,,,,,无人机专业技能指导方案的主要内容包括理论知识教学、实操技能训练以及考核与评估三个方面。首先，理论知识教学涵盖无人机基本原理、航空法规、气象知识等内容，为学员打下扎实的理论基础。其次，实操技能训练包括无人机起飞、飞行操控、航线规划、应急处理等实际操作技能，提升学员的动手能力。最后，通过理论考试和实操考核，评估学员的学习效果，确保其达到行业标准。这些内容能够全面提升学员的技能水平，使其具备独立操作无人机的能力，满足行业需求。,,5（好）,答出理论知识教学并简要解释，得2分；答出实操技能训练并简要解释，得2分；答出考核与评估并简要解释，得1分。
,B-D-B-001,G（多选题）,,无人机专业技能指导方案通常应包含的内容是（ ）,详细的技能培训目标，明确学员应达到的技能水平,只针对高级技能进行指导，忽略基础技能的讲解,分阶段的培训计划，根据技能难度逐步推进教学,实践操作指导，包括操作要点、注意事项等,不设置考核环节，认为这会给学员造成压力,,ACD,,5（好）,
,B-D-B-001,G（多选题）,,无人机专业技能指导方案的内容包括（ ）。,技能目标和培训对象,培训内容和方法,实践操作和案例分析,考核标准和评估方法,仅关注理论知识的传授,,ABCD,,5（好）,
,B-D-B-001,D（简答题）,,请简述无人机专业技能指导方案的主要内容，并说明这些内容对提升学员技能水平的作用。,,,,,,,无人机专业技能指导方案的主要内容包括理论知识教学、实操技能训练以及考核与评估三个方面。首先，理论知识教学涵盖无人机基本原理、航空法规、气象知识等内容，为学员打下扎实的理论基础。其次，实操技能训练包括无人机起飞、飞行操控、航线规划、应急处理等实际操作技能，提升学员的动手能力。最后，通过理论考试和实操考核，评估学员的学习效果，确保其达到行业标准。这些内容能够全面提升学员的技能水平，使其具备独立操作无人机的能力，满足行业需求。,,5（好）,答出理论知识教学并简要解释，得2分；答出实操技能训练并简要解释，得2分；答出考核与评估并简要解释，得1分。
,B-D-B-001,D（简答题）,,请简述无人机专业技能指导方案的主要内容，并说明这些内容对提升学员技能水平的作用。,,,,,,,无人机专业技能指导方案的主要内容包括理论知识教学、实操技能训练、考核与评估以及个性化指导四个方面。首先，理论知识教学涵盖无人机基本原理、航空法规、气象知识等内容，为学员打下扎实的理论基础。其次，实操技能训练包括无人机起飞、飞行操控、航线规划、应急处理等实际操作技能，提升学员的动手能力。此外，通过理论考试和实操考核，评估学员的学习效果，确保其达到行业标准。最后，根据学员的学习进度和技能水平，提供针对性的辅导，帮助学员解决学习中的难点。这些内容能够全面提升学员的技能水平，使其具备独立操作无人机的能力，满足行业需求。,,5（好）,"得分要点：
答出理论知识教学并简要解释，得1分；
答出实操技能训练并简要解释，得2分；
答出考核与评估并简要解释，得1分；
答出个性化指导并简要解释，得1分。"
,B-D-B-001,B（单选题）,,在垂直起降固定翼无人机的培训中，为了确保学员对飞行操作的精确掌握，并且达到高效的培训效果，要做到（）。,通过强化学员对理论知识的记忆，忽略模拟训练和实操练习,采用阶段性的飞行任务测试，并结合飞行日志分析学员操作的每个环节,集中训练飞行员的机械维修技能，减少飞行操作的训练时间,让学员在理论学习过程中进行模拟飞行操作，避免实际飞行训练,,,B,,5（好）,
,B-D-B-001,B（单选题）,,在优化固定翼无人机的飞行速度时，通常需要对飞行控制系统进行调整。以下哪项措施对于提升固定翼无人机的飞行速度影响最为直接且有效（）。,增加航程以提高能源效率,调整升降舵的配置，改善飞行稳定性,减小机翼面积，以减少空气阻力,采用更加轻便的机身材料，以减轻结构重量,,,C,,5（好）,
,B-D-B-001,C（判断题）,,（）垂直起降固定翼无人机的培训效果评价中，飞行员对垂直起降模式的掌握程度与其水平飞行的能力无关。,正确,错误,,,,,B,,5（好）,
,B-D-B-001,D（简答题）,,请简述无人机专业技能指导方案的主要内容，并说明这些内容对提升学员技能水平的作用。,,,,,,,无人机专业技能指导方案的主要内容包括理论知识教学、实操技能训练以及考核与评估三个方面。首先，理论知识教学涵盖无人机基本原理、航空法规、气象知识等内容，为学员打下扎实的理论基础。其次，实操技能训练包括无人机起飞、飞行操控、航线规划、应急处理等实际操作技能，提升学员的动手能力。最后，通过理论考试和实操考核，评估学员的学习效果，确保其达到行业标准。这些内容能够全面提升学员的技能水平，使其具备独立操作无人机的能力，满足行业需求。,,5（好）,"答出理论知识教学并简要解释，得2分；
答出实操技能训练并简要解释，得2分；
答出考核与评估并简要解释，得1分。"
,B-D-B-002,D（简答题）,,请简述无人机专业技能指导方案的编制方法，并说明这些方法在方案设计中的重要性。,,,,,,,无人机专业技能指导方案的编制方法主要包括需求分析、内容设计、资源整合以及评估与优化四个方面。首先，通过调研学员背景、行业需求及培训目标，明确方案的设计方向。其次，根据需求分析结果，制定理论课程和实操训练的内容框架，确保全面覆盖无人机操作所需的知识和技能。此外，整合师资力量、教学设备、训练场地等资源，为方案的实施提供保障。最后，在方案实施过程中，通过学员反馈和考核结果，不断优化方案内容，提升培训效果。这些方法在方案设计中具有重要意义，能够确保培训方案的科学性、实用性和有效性，从而提升学员的技能水平。,,5（好）,答出需求分析并简要解释，得1分；答出内容设计并简要解释，得2分；答出资源整合并简要解释，得1分；答出评估与优化并简要解释，得1分。
,B-D-B-002,D（简答题）,,简述编制无人机专业技能指导方案时，需要考虑哪些关键因素。,,,,,,,"培训目标的明确性 ,教学内容的完整性,教学方法的多样性,考核方式的合理性",,5（好）,写出一点给两分，三点及以上给五分
,B-D-B-002,G（多选题）,,无人机专业技能指导方案的编制方法包括（ ）。,分析行业需求和岗位要求,确定培训目标和内容, 选择合适的教学方法和工具,设计考核和评估机制,不考虑学员的实际需求,,ABCD,,5（好）,
,B-D-B-002,G（多选题）,,无人机专业技能指导方案的编制方法包括（ ）。,分析无人机行业的岗位需求,确定培训目标和技能要求,选择合适的教学方法和工具,设计考核标准和评价机制,确保方案的灵活性和可调整性,,ABCDE,,5（好）,
,B-D-B-002,D（简答题）,,请简述无人机专业技能指导方案的编制方法，并说明这些方法在方案设计中的重要性。,,,,,,,无人机专业技能指导方案的编制方法主要包括需求分析、内容设计、资源整合以及评估与优化四个方面。首先，通过调研学员背景、行业需求及培训目标，明确方案的设计方向。其次，根据需求分析结果，制定理论课程和实操训练的内容框架，确保全面覆盖无人机操作所需的知识和技能。此外，整合师资力量、教学设备、训练场地等资源，为方案的实施提供保障。最后，在方案实施过程中，通过学员反馈和考核结果，不断优化方案内容，提升培训效果。这些方法在方案设计中具有重要意义，能够确保培训方案的科学性、实用性和有效性，从而提升学员的技能水平。,,5（好）,"得分要点：
答出需求分析并简要解释，得1分；
答出内容设计并简要解释，得2分；
答出资源整合并简要解释，得1分；
答出评估与优化并简要解释，得1分。
"
,B-D-B-002,D（简答题）,,请简述无人机专业技能指导方案的编制方法，并说明这些方法在方案设计中的重要性。,,,,,,,无人机专业技能指导方案的编制方法主要包括需求分析、内容设计、资源整合以及评估与优化四个方面。首先，通过调研学员背景、行业需求及培训目标，明确方案的设计方向。其次，根据需求分析结果，制定理论课程和实操训练的内容框架，确保全面覆盖无人机操作所需的知识和技能。此外，整合师资力量、教学设备、训练场地等资源，为方案的实施提供保障。最后，在方案实施过程中，通过学员反馈和考核结果，不断优化方案内容，提升培训效果。这些方法在方案设计中具有重要意义，能够确保培训方案的科学性、实用性和有效性，从而提升学员的技能水平。,,5（好）,"得分要点：
答出需求分析并简要解释，得1分；
答出内容设计并简要解释，得2分；
答出资源整合并简要解释，得1分；
答出评估与优化并简要解释，得1分。
"
,B-D-B-002,C（判断题）,,无人机培训组织的技巧包括分层教学、理论与实践结合以及互动与反馈，这些方法能够显著提高培训效果。（ ）,正确,错误,,,,,A,,5（好）,
,B-D-B-003,C（判断题）,,无人机培训考评体系的架构中，操作评估主要包括理论考试和实操考核两部分（ ）。,正确,错误,,,,,A,,5（好）,
,B-D-B-003,D（简答题）,,简述如何全面评价无人机培训的效果。,,,,,,,理论知识掌握程度、实际操作技能、安全意识、问题解决能力等,,5（好）,答对一点给一分，答对四点给五分
,B-D-B-003,D（简答题）,,简述有哪些方法可以用于评价无人机培训效果。,,,,,,,理论考核：通过笔试考查知识掌握程度。实操考核：观察实际操作表现与任务完成质量。问卷调查：了解学员对培训的满意度与收获。跟踪反馈：追踪学员后续实际应用情况。,,5（好）,每答出一个评价方法得1分，若回答内容完整、逻辑清晰，额外加1分。
,B-D-B-003,G（多选题）,,无人机培训效果的评价方法包括（ ）。,理论知识考试成绩,实践操作考核结果, 学员的反馈和建议,培训后的实际应用能力,培训过程中的出勤率,,ABCDE,,5（好）,
,B-D-B-003,G（多选题）,,无人机培训效果的评价方法包括（）。,理论知识考试成绩，检验学员对基础知识的掌握程度,实践操作考核，评估学员的实际操作能力,学员的反馈和建议，用于改进培训内容和方法,培训后的实际应用效果，跟踪学员在工作中的表现,培训过程中的出勤率，确保学员参与度,,ABCDE,,5（好）,
,B-D-B-003,D（简答题）,,请简述无人机培训效果的评价方法，并说明这些方法在培训质量提升中的作用。,,,,,,,无人机培训效果的评价方法主要包括理论考核、实操考核、学员反馈以及综合评估四个方面。首先，理论考核通过笔试或在线测试评估学员对无人机相关理论知识的掌握程度，确保学员具备扎实的理论基础。其次，实操考核通过实际操作任务评估学员的飞行操控能力、应急处理能力及任务执行能力，确保学员能够熟练操作无人机。此外，学员反馈通过问卷调查或访谈收集学员对培训内容、教学方式及培训环境的满意度反馈，帮助培训组织了解学员的实际需求。最后，综合评估结合理论考核、实操考核和学员反馈，对培训效果进行全面分析，找出改进方向，从而不断提升培训质量。这些评价方法在培训质量提升中具有重要作用，能够帮助培训组织优化培训方案，提高学员的技能水平和满意度。,,5（好）,"得分要点：
答出理论考核并简要解释，得1分；
答出实操考核并简要解释，得2分；答出学员反馈并简要解释，得1分；
答出综合评估并简要解释，得1分。
"
,B-D-B-003,D（简答题）,,请简述在组织固定翼无人机培训时，可以采取哪些有效的培训技巧以提高培训效果。,,,,,,,"编制方法：需求分析、技能标准化、逐项细化。
无人直升机特点：动态载荷、复杂的旋翼系统、电子系统的高集成度。
检修工培训重点：机体构造、动力系统维护、控制系统与导航设备的检修。
",,5（好）,少一点扣1分，答满拿5分。
,B-D-B-003,B（单选题）,,无人机培训考评体系的架构中，最重要的是（ ）。,确定培训内容的深度与广度,明确考评的标准和流程,设立专门的培训评估机构,通过在线平台进行学员评估,,,B,,5（好）,
,B-D-B-004,B（单选题）,,在建立无人机培训考评体系时，最为科学的评估方法是,仅通过理论考试评估学员,理论考试与实践操作相结合,仅通过学员自评完成评估,仅通过飞行测试评估学员,,,B,,5（好）,
,B-D-B-004,G（多选题）,,无人机飞行操作中，合理的指导方法有（ ）。,由经验丰富的教员进行一对一的现场示范教学,利用虚拟现实技术让学员沉浸式体验飞行操作,让学员自行摸索操作，不提供任何指导,制作详细的操作视频教程，供学员反复观看学习,根据学员的不同水平制定个性化的训练计划,,ABDE,,5（好）,
,B-D-B-004,D（简答题）,,简述无人机飞行操作的指导方法，包括飞行前、飞行中及飞行后的指导要点。,,,,,,,飞行前：讲解检查事项、安全知识。飞行中：指导操作技巧、应对异常。飞行后：分析总结飞行情况。,,5（好）,答出飞行前要点得 1 分。答出飞行中要点得 2 分。答出飞行后要点得 2 分。
,B-D-B-004,D（简答题）,,请简述无人机飞行操作的指导方法的主要内容，并说明这些方法对提升学员操作技能的作用。,,,,,,,无人机飞行操作的指导方法主要包括分步教学、模拟训练以及实时指导与反馈三个方面。首先，分步教学将飞行操作分解为起飞、悬停、航线飞行、降落等步骤，帮助学员逐步掌握每个环节。其次，模拟训练利用飞行模拟器进行虚拟训练，帮助学员熟悉操作流程，降低实操风险。最后，实时指导与反馈在实操训练中，教练实时观察学员操作，提供即时反馈和纠正，确保操作规范。这些方法对提升学员操作技能具有重要作用，能够帮助学员快速掌握飞行操作要领。,,5（好）,答出分步教学并简要解释，得2分；答出模拟训练并简要解释，得2分；答出实时指导与反馈并简要解释，得1分。
,B-D-B-004,G（多选题）,,无人机飞行操作的指导方法包括（）。,通过模拟器训练，帮助学员熟悉操作流程,在实际飞行中进行一对一指导，纠正学员的操作错误,使用视频教程和操作手册辅助教学,通过飞行数据分析，优化学员的操作技巧,仅依靠学员自主学习，不进行指导,,ABCD,,5（好）,
,B-D-B-004,G（多选题）,,无人机飞行操作的培训指导流程包括（）。,初步理论学习,模拟器训练,实际飞行训练,安全检查与维护培训,法规与合规性教育,,ABCDE,,5（好）,
,B-D-B-004,D（简答题）,,请简述编制多旋翼无人机专业技能指导方案时，应包含哪些关键内容。,,,,,,,"培训效果评估标准：操作规范、故障排查能力、修复时间、团队协作。
评估方法：理论测试与实操演练结合、模拟故障检修、定期跟踪复训。
改进措施：加强高难度故障模拟训练、强化工具使用熟练度。",,5（好）,少一点扣1分，答满拿5分。
,B-D-B-004,D（简答题）,,简述无人直升机检修工技能指导方案的编制方法，特别是如何根据无人机类型制定个性化检修要求。,,,,,,,"技能指导方案结构：任务分析、技能要求、设备维护
飞行性能调试：飞行控制系统、动力系统调整
维修内容：垂直起降机制、故障排除
重点：确保飞行稳定性、安全性",,5（好）,少一点扣1分，答满拿5分。
,B-D-B-004,B（单选题）,,无人机培训考评体系的建立方法及评估方法中，最常采用的评估手段是（ ）。,理论考试与实践操作相结合,专业技术面试评估,通过学员自评和互评完成,无人机飞行测试与模拟操作评估,,,A,,5（好）,
,B-D-B-005,B（单选题）,,在建立无人机培训指导体系时，最为关键的内容是（ ）。,设计理论与实践结合的课程,增加培训设备的数量,缩短培训时间,减少培训内容,,,A,,5（好）,
,B-D-B-005,G（多选题）,,无人机操作指导教材编写方法需要（ ）。,收集大量实际案例，丰富教材内容,用专业的学术语言编写，无需考虑初学者的理解难度,结合最新的无人机技术发展动态进行更新,按照操作流程的先后顺序，系统地组织教材结构,邀请行业专家对教材内容进行审核和把关,,ACDE,,5（好）,
,B-D-B-005,G（多选题）,,编写无人机操作指导教材时，应采用的方法有（ ）。,以清晰易懂的语言阐述操作步骤，避免使用过于专业晦涩的术语,只注重理论知识讲解，无需包含实际操作案例,按照操作流程的先后顺序，系统地组织教材内容,插入大量复杂的图表，不考虑是否有助于读者理解,收集用户反馈，根据实际需求对教材内容进行优化,,ACE,,5（好）,
,B-D-B-005,D（简答题）,,请简述无人机操作指导教材编写方法的主要内容，并说明这些方法对教材质量的影响。,,,,,,,无人机操作指导教材编写方法主要包括内容结构化设计、图文结合与实例分析以及更新与优化机制三个方面。首先，内容结构化设计将教材内容分为基础知识、操作技能、故障处理等模块，确保逻辑清晰、层次分明。其次，图文结合与实例分析通过图文结合的方式展示操作步骤，结合实际案例进行分析，增强教材的可读性和实用性。最后，更新与优化机制根据技术发展和用户反馈，定期更新教材内容，确保教材的时效性和准确性。这些方法对教材质量具有重要影响，能够提升教材的实用性和用户满意度。,,5（好）,答出内容结构化设计并简要解释，得2分；答出图文结合与实例分析并简要解释，得2分；答出更新与优化机制并简要解释，得1分。
,B-D-B-005,D（简答题）,,请简述无人机操作指导教材编写方法的主要内容，并说明这些方法对教材质量的影响。,,,,,,,无人机操作指导教材编写方法主要包括内容结构化设计、图文结合与实例分析以及更新与优化机制三个方面。首先，内容结构化设计将教材内容分为基础知识、操作技能、故障处理等模块，确保逻辑清晰、层次分明。其次，图文结合与实例分析通过图文结合的方式展示操作步骤，结合实际案例进行分析，增强教材的可读性和实用性。最后，更新与优化机制根据技术发展和用户反馈，定期更新教材内容，确保教材的时效性和准确性。这些方法对教材质量具有重要影响，能够提升教材的实用性和用户满意度。,,5（好）,答出内容结构化设计并简要解释，得2分；答出图文结合与实例分析并简要解释，得2分；答出更新与优化机制并简要解释，得1分。
,B-D-B-005,G（多选题）,,无人机操作指导教材编写方法包括（）。,明确教材的编写目标和适用对象,结合实际案例和操作流程进行讲解,使用清晰的图表和示意图辅助说明,包括安全操作规程和应急处理方法,定期更新教材内容以反映行业最新技术和发展,,ABCDE,,5（好）,
,B-D-B-005,C（判断题）,,（）在单旋翼无人机的培训中，强调学员在操作过程中应始终保持无人机在其视线范围内，以确保安全和有效的控制。,正确,错误,,,,,A,,5（好）,
,B-D-B-005,D（简答题）,,讨论如何评估多旋翼无人机检修工培训的效果，并提出评估标准及改进措施。,,,,,,,"电气系统与动力系统相互依赖
故障诊断流程：电气故障与动力传输关系
系统协调性：电力与动力输出调节
维修方案：电气系统与动力系统同步维修",,5（好）,少一点扣1分，答满拿5分。
,B-D-B-005,D（简答题）,,请简述无人机操作指导教材编写方法的主要内容，并说明这些方法对教材质量的影响。,,,,,,,无人机操作指导教材编写方法主要包括内容结构化设计、图文结合与实例分析以及更新与优化机制三个方面。首先，内容结构化设计将教材内容分为基础知识、操作技能、故障处理等模块，确保逻辑清晰、层次分明。其次，图文结合与实例分析通过图文结合的方式展示操作步骤，结合实际案例进行分析，增强教材的可读性和实用性。最后，更新与优化机制根据技术发展和用户反馈，定期更新教材内容，确保教材的时效性和准确性。这些方法对教材质量具有重要影响，能够提升教材的实用性和用户满意度。,,5（好）,"答出内容结构化设计并简要解释，得2分；
答出图文结合与实例分析并简要解释，得2分；
答出更新与优化机制并简要解释，得1分。
"
,B-D-B-006,C（判断题）,,（）固定翼无人机在装配过程中，为了提高飞行稳定性，可以忽略机翼的对称性和平衡性。,正确,错误,,,,,A,,5（好）,
,B-D-B-006,C（判断题）,,（）在固定翼无人机培训效果评价中，通过模拟飞行训练获得的成绩可以完全代替实际飞行的评估。,正确,错误,,,,,B,,5（好）,
,B-D-B-007,C（判断题）,,优化其他机型无人机高海拔飞行性能的方法包括使用高功率电机和增加电池容量。（ ）,正确,错误,,,,,A,,5（好）,
,B-D-B-008,C（判断题）,,优化多旋翼无人机防尘性能的方法包括增加机身密封性和使用防尘材料（ ）。,正确,错误,,,,,A,,5（好）,
,B-D-B-008,B（单选题）,,在进行无人直升机飞行员培训时，评估学员对飞行安全规范的理解应（）。,通过理论考试和机舱模拟器练习，以确保学员理解飞行器的基础操作,采用每个学员实际飞行后的操作点评，结合飞行过程中的即时反馈,通过学员的身体素质测试，确保其可以承受飞行中的高压力环境,通过让学员不断操作无人直升机，进行飞行任务演练来评价其安全规范的掌握,,,B,,5（好）,
,B-D-B-008,B（单选题）,,在进行无人机电力系统检修时，测量电池电压时发现电池电压异常低，最可能导致该故障的原因是（）。,电池内部短路,电池充电管理系统故障,电池与飞控系统的电源连接松动,电池外部接线端子腐蚀,,,A,,5（好）,
,B-D-C-001,B（单选题）,,无人机装调检修作业规范中，必须遵守的是（）。,快速完成任务,确保安全和质量,节省成本,减少维修人员,,,B,,5（好）,
,B-D-C-001,B（单选题）,,在装调检修新技术研究中，实验验证阶段的关键是（）。,实验设备的美观,实验数据的准确性,实验人员的学历,实验地点的选择,,,B,,5（好）,
,B-D-C-001,B（单选题）,,装调检修新技术研究方法中，最常见的研究方向是（ ）。,新型无人机材料的应用,自动化装配与检修技术的开发,增强型数据传输系统的研发,智能化飞行控制系统的优化,,,B,,5（好）,
,B-D-C-002,B（单选题）,,在研究无人机装调检修新工艺时，最为有效的方法是,仅通过文献调研完成研究,实验测试与数据分析相结合,仅通过成本分析完成研究,仅通过市场调研完成研究,,,B,,5（好）,
,B-D-C-002,B（单选题）,,无人机装调检修作业规范中，必须遵守的是（）。,快速完成任务,确保安全和质量,节省成本,减少维修人员,,,B,,5（好）,
,B-D-C-002,B（单选题）,,装调检修新工艺研究方法中，首要步骤是（）。,实验验证,市场调研,理论分析,问题提出,,,D,,5（好）,
,B-D-C-003,B（单选题）,,装调检修新技术实践应用时，首先要进行的是（ ）。,大规模推广应用,进行充分的测试和验证,不考虑成本效益,随意改变原有的作业流程,,,B,,5（好）,
,B-D-C-003,B（单选题）,,在无人机装调检修过程中，为了有效提高新技术的应用效果并确保检修质量应该（）。,通过简化检修流程，减少对新技术的学习和应用，以节省时间,强调传统维修技术的重要性，避免过多应用新的检测设备和技术,定期进行新技术的培训与测试，结合实际检修任务进行演练和优化,将所有新技术集中应用在特定无人机型号的检修中，避免不同型号混用,,,C,,5（好）,
,B-D-C-004,B（单选题）,,装调检修新工艺实践应用方法，正确的是（ ）。,对操作人员进行新工艺培训,应用新工艺后不进行效果评估,不考虑新工艺与现有设备的兼容性,直接全面应用新工艺，无需过渡,,,B,,5（好）,
,B-D-C-004,B（单选题）,,在无人机飞行员技能评估中，评价学员操控飞行精度时，最应注重的操作是（）。,学员在恶劣天气条件下的飞行表现,学员调整飞行高度和方向的响应时间,学员对飞行模式的理解和转换能力,学员在飞行中的稳定性和姿态控制能力,,,D,,5（好）,
,C-D-A-003,G（多选题）,,无人机培训考评体系的架构及操作评估包含（ ）内容。,理论知识的笔试考核，涵盖无人机原理、法规等内容,实际飞行操作的技能考核，包括起飞、降落、航线飞行等项目,只注重学员的最终考核成绩，忽略学习过程中的表现,对学员在模拟飞行环境中的应急处理能力进行评估,考核学员对无人机维护保养知识的掌握程度,,ABDE,,5（好）,
